-- phpMyAdmin SQL Dump
-- version 4.4.15.5
-- http://www.phpmyadmin.net
--
-- Хост: 127.0.0.1:3306
-- Время создания: Авг 02 2018 г., 11:27
-- Версия сервера: 5.7.11
-- Версия PHP: 7.0.4

SET SQL_MODE = "NO_AUTO_VALUE_ON_ZERO";
SET time_zone = "+00:00";


/*!40101 SET @OLD_CHARACTER_SET_CLIENT=@@CHARACTER_SET_CLIENT */;
/*!40101 SET @OLD_CHARACTER_SET_RESULTS=@@CHARACTER_SET_RESULTS */;
/*!40101 SET @OLD_COLLATION_CONNECTION=@@COLLATION_CONNECTION */;
/*!40101 SET NAMES utf8mb4 */;

--
-- База данных: `vime_db`
--

-- --------------------------------------------------------

--
-- Структура таблицы `apartments`
--

CREATE TABLE IF NOT EXISTS `apartments` (
  `id` int(11) NOT NULL,
  `project_id` int(3) NOT NULL,
  `action_id` int(11) NOT NULL,
  `build` varchar(10) COLLATE utf8mb4_unicode_ci NOT NULL,
  `sec` smallint(2) NOT NULL,
  `floor` smallint(3) NOT NULL,
  `rooms` tinyint(1) NOT NULL,
  `level` smallint(1) NOT NULL,
  `type` varchar(11) COLLATE utf8mb4_unicode_ci NOT NULL,
  `number` varchar(10) COLLATE utf8mb4_unicode_ci NOT NULL,
  `onSale` tinyint(1) NOT NULL,
  `sorts` text COLLATE utf8mb4_unicode_ci,
  `img` text COLLATE utf8mb4_unicode_ci NOT NULL,
  `compas` smallint(3) NOT NULL DEFAULT '0',
  `sort_floor` text COLLATE utf8mb4_unicode_ci,
  `unit` varchar(50) COLLATE utf8mb4_unicode_ci NOT NULL DEFAULT '0',
  `action_price` int(10) NOT NULL,
  `visible` bit(1) NOT NULL DEFAULT b'1',
  `all_room` float DEFAULT NULL,
  `_life_room` float DEFAULT NULL,
  `price` int(10) NOT NULL DEFAULT '0',
  `type_object` int(11) NOT NULL DEFAULT '1' COMMENT '1-квартира 2-коммерческие помещения 3-паркинг'
) ENGINE=InnoDB AUTO_INCREMENT=299 DEFAULT CHARSET=utf8mb4 COLLATE=utf8mb4_unicode_ci;

--
-- Дамп данных таблицы `apartments`
--

INSERT INTO `apartments` (`id`, `project_id`, `action_id`, `build`, `sec`, `floor`, `rooms`, `level`, `type`, `number`, `onSale`, `sorts`, `img`, `compas`, `sort_floor`, `unit`, `action_price`, `visible`, `all_room`, `_life_room`, `price`, `type_object`) VALUES
(1, 1, 0, '1', 3, 3, 1, 1, '1A', '', 0, NULL, '1A.png', 0, NULL, '0', 0, b'1', 43, 26.4, 0, 1),
(2, 1, 0, '1', 3, 4, 1, 1, '1A', '', 0, '111,35.800003051758,291,34.800003051758,293,110.80000305176,376,111.80000305176,375,135.80000305176,113,135.80000305176', '1A.png', 0, NULL, '0', 0, b'1', 43, 26.4, 0, 1),
(3, 1, 0, '1', 3, 5, 1, 1, '1A', '', 0, NULL, '1A.png', 0, NULL, '0', 0, b'1', 43, 26.4, 0, 1),
(4, 1, 0, '1', 3, 6, 1, 1, '1A', '', 0, NULL, '1A.png', 0, NULL, '0', 0, b'1', 43, 26.4, 0, 1),
(5, 1, 0, '1', 3, 7, 1, 1, '1A', '', 0, NULL, '1A.png', 0, NULL, '0', 0, b'1', 43, 26.4, 0, 1),
(6, 1, 0, '1', 3, 8, 1, 1, '1A', '', 0, NULL, '1A.png', 0, NULL, '0', 0, b'1', 43, 26.4, 0, 1),
(7, 1, 0, '1', 3, 9, 1, 1, '1A', '', 0, NULL, '1A.png', 0, NULL, '0', 0, b'1', 43, 26.4, 0, 1),
(8, 1, 0, '1', 3, 10, 1, 1, '1A', '', 0, NULL, '1A.png', 0, NULL, '0', 0, b'1', 43, 26.4, 0, 1),
(9, 1, 0, '1', 3, 11, 1, 1, '1A', '', 0, NULL, '1A.png', 0, NULL, '0', 0, b'1', 43, 26.4, 0, 1),
(10, 1, 0, '1', 3, 12, 1, 1, '1A', '', 0, NULL, '1A.png', 0, NULL, '0', 0, b'1', 43, 26.4, 0, 1),
(11, 1, 0, '1', 3, 13, 1, 1, '1A', '', 0, NULL, '1A.png', 0, NULL, '0', 0, b'1', 43, 26.4, 0, 1),
(12, 1, 0, '1', 3, 14, 1, 1, '1A', '', 0, NULL, '1A.png', 0, NULL, '0', 0, b'1', 43, 26.4, 0, 1),
(13, 1, 0, '1', 3, 3, 1, 1, '1Б', '', 1, NULL, '1B.png', 0, NULL, '0', 0, b'1', 42.9, 26.4, 0, 1),
(14, 1, 0, '1', 3, 4, 1, 1, '1Б', '', 0, '155,260,154,137,249,136,245,259', '1B.png', 0, NULL, '0', 0, b'1', 42.9, 26.4, 0, 1),
(15, 1, 0, '1', 3, 5, 1, 1, '1Б', '', 0, NULL, '1B.png', 0, NULL, '0', 0, b'1', 42.9, 26.4, 0, 1),
(16, 1, 0, '1', 3, 6, 1, 1, '1Б', '', 0, NULL, '1B.png', 0, NULL, '0', 0, b'1', 42.9, 26.4, 0, 1),
(17, 1, 0, '1', 3, 7, 1, 1, '1Б', '', 0, NULL, '1B.png', 0, NULL, '0', 0, b'1', 42.9, 26.4, 0, 1),
(18, 1, 0, '1', 3, 8, 1, 1, '1Б', '', 0, NULL, '1B.png', 0, NULL, '0', 0, b'1', 42.9, 26.4, 0, 1),
(19, 1, 0, '1', 3, 9, 1, 1, '1Б', '', 0, NULL, '1B.png', 0, NULL, '0', 0, b'1', 42.9, 26.4, 0, 1),
(20, 1, 0, '1', 3, 10, 1, 1, '1Б', '', 0, NULL, '1B.png', 0, NULL, '0', 0, b'1', 42.9, 26.4, 0, 1),
(21, 1, 0, '1', 3, 11, 1, 1, '1Б', '', 0, NULL, '1B.png', 0, NULL, '0', 0, b'1', 42.9, 26.4, 0, 1),
(22, 1, 0, '1', 3, 12, 1, 1, '1Б', '', 0, NULL, '1B.png', 0, NULL, '0', 0, b'1', 42.9, 26.4, 0, 1),
(23, 1, 0, '1', 3, 13, 1, 1, '1Б', '', 0, NULL, '1B.png', 0, NULL, '0', 0, b'1', 42.9, 26.4, 0, 1),
(24, 1, 0, '1', 3, 14, 1, 1, '1Б', '', 0, NULL, '1B.png', 0, NULL, '0', 0, b'1', 42.9, 26.4, 0, 1),
(25, 1, 0, '1', 3, 3, 1, 1, '1B', '', 0, NULL, '1V.png', 0, NULL, '0', 0, b'1', 41.9, 19.8, 550000, 1),
(26, 1, 0, '1', 3, 4, 1, 1, '1B', '', 0, '337,261,338,138,374,135,377,112,300,111,292,36,419,40,542,157,437,262', '1V.png', 0, NULL, '0', 0, b'1', 41.9, 19.8, 0, 1),
(27, 1, 0, '1', 3, 5, 1, 1, '1B', '', 0, NULL, '1V.png', 0, NULL, '0', 0, b'1', 41.9, 19.8, 0, 1),
(28, 1, 0, '1', 3, 6, 1, 1, '1B', '', 0, NULL, '1V.png', 0, NULL, '0', 0, b'1', 41.9, 19.8, 0, 1),
(29, 1, 0, '1', 3, 7, 1, 1, '1B', '', 0, NULL, '1V.png', 0, NULL, '0', 0, b'1', 41.9, 19.8, 0, 1),
(30, 1, 0, '1', 3, 8, 1, 1, '1B', '', 0, NULL, '1V.png', 0, NULL, '0', 0, b'1', 41.9, 19.8, 0, 1),
(31, 1, 0, '1', 3, 9, 1, 1, '1B', '', 0, NULL, '1V.png', 0, NULL, '0', 0, b'1', 41.9, 19.8, 0, 1),
(32, 1, 0, '1', 3, 10, 1, 1, '1B', '', 0, NULL, '1V.png', 0, NULL, '0', 0, b'1', 41.9, 19.8, 0, 1),
(33, 1, 0, '1', 3, 11, 1, 1, '1B', '', 0, NULL, '1V.png', 0, NULL, '0', 0, b'1', 41.9, 19.8, 0, 1),
(34, 1, 0, '1', 3, 12, 1, 1, '1B', '', 0, NULL, '1V.png', 0, NULL, '0', 0, b'1', 41.9, 19.8, 0, 1),
(35, 1, 0, '1', 3, 13, 1, 1, '1B', '', 0, NULL, '1V.png', 0, NULL, '0', 0, b'1', 41.9, 19.8, 0, 1),
(36, 1, 0, '1', 3, 14, 1, 1, '1B', '', 0, NULL, '1V.png', 0, NULL, '0', 0, b'1', 41.9, 19.8, 0, 1),
(37, 1, 0, '1', 2, 3, 1, 1, '1Г', '', 1, NULL, '1G.png', 0, NULL, '5', 0, b'1', 43, 19.8, 0, 1),
(38, 1, 0, '1', 2, 4, 1, 1, '1Г', '', 1, '309,103,309,103,307,14,307,14,532,14,532,14,533,287,533,287,470,284,470,284,472,137,472,137,412,136,412,136,412,104,412,104,309,107,309,107', '1G.png', 0, NULL, '5', 0, b'1', 43, 19.8, 0, 1),
(39, 1, 0, '1', 2, 5, 1, 1, '1Г', '', 1, NULL, '1G.png', 0, NULL, '5', 0, b'1', 43, 19.8, 0, 1),
(40, 1, 0, '1', 2, 6, 1, 1, '1Г', '', 0, NULL, '1G.png', 0, NULL, '5', 0, b'1', 43, 19.8, 0, 1),
(41, 1, 0, '1', 2, 7, 1, 1, '1Г', '', 1, NULL, '1G.png', 0, NULL, '3,4,5', 0, b'1', 43, 19.8, 0, 1),
(42, 1, 0, '1', 2, 8, 1, 1, '1Г', '', 0, NULL, '1G.png', 0, NULL, '3,5', 0, b'1', 43, 19.8, 0, 1),
(43, 1, 0, '1', 2, 8, 1, 3, '1Г', '', 1, '360,137,470,137,472,285,360,285', '1G.png', 0, '274,194,274,194,274,194,274,194,274,194,274,194,274,194,274,194,287,222,287,222,287,222,287,222,287,222,287,222,287,222,287,222,356,182,356,182,356,182,356,182,356,182,356,182,356,182,356,182', '4', 0, b'1', 43, 19.8, 100000, 1),
(44, 1, 0, '1', 2, 10, 1, 1, '1Г', '', 1, NULL, '1G.png', 0, '338,263,338,137,451,138,506,193,437,264', '0', 0, b'1', 43, 19.8, 0, 1),
(45, 1, 0, '1', 2, 11, 1, 1, '1Г', '', 1, NULL, '1G.png', 0, NULL, '0', 0, b'1', 43, 19.8, 0, 1),
(46, 1, 0, '1', 2, 12, 1, 1, '1Г', '', 1, NULL, '1G.png', 0, NULL, '0', 0, b'1', 43, 19.8, 0, 1),
(47, 1, 0, '1', 2, 13, 1, 1, '1Г', '', 1, NULL, '1G.png', 0, NULL, '0', 0, b'1', 43, 19.8, 0, 1),
(48, 1, 0, '1', 2, 14, 1, 1, '1Г', '', 1, NULL, '1G.png', 0, NULL, '0', 0, b'1', 43, 19.8, 0, 1),
(49, 1, 0, '1', 2, 3, 1, 2, '1Д', '', 1, NULL, '1D.png', 0, NULL, '4', 0, b'1', 43, 26.4, 0, 1),
(50, 1, 0, '1', 2, 4, 1, 1, '1Д', '', 1, '361,286,361,286,470,286,470,286,472,139,472,139,361,137,361,137', '1D.png', 0, '157,137,247,138,244,261,156,262', '3', 0, b'1', 43, 26.4, 0, 1),
(51, 1, 0, '1', 2, 5, 1, 1, '1Д', '', 2, NULL, '1D.png', 0, NULL, '4', 0, b'1', 43, 26.4, 0, 1),
(52, 1, 0, '1', 2, 6, 1, 1, '1Д', '', 2, NULL, '1D.png', 0, NULL, '4', 0, b'1', 43, 26.4, 0, 1),
(53, 1, 0, '1', 2, 7, 1, 1, '1Д', '', 2, NULL, '1D.png', 0, NULL, '4', 0, b'1', 43, 26.4, 0, 1),
(54, 1, 0, '1', 2, 8, 1, 1, '1Д', '', 2, NULL, '1D.png', 0, NULL, '3', 0, b'1', 43, 26.4, 0, 1),
(55, 1, 0, '1', 2, 9, 1, 1, '1Д', '', 2, NULL, '1D.png', 0, NULL, '5', 0, b'1', 43, 26.4, 0, 1),
(56, 1, 0, '1', 2, 10, 1, 1, '1Д', '', 2, NULL, '1D.png', 0, NULL, '0', 0, b'1', 43, 26.4, 0, 1),
(57, 1, 0, '1', 2, 11, 1, 1, '1Д', '', 2, NULL, '1D.png', 0, NULL, '0', 0, b'1', 43, 26.4, 0, 1),
(58, 1, 0, '1', 2, 12, 1, 1, '1Д', '', 0, NULL, '1D.png', 0, NULL, '0', 0, b'1', 43, 26.4, 0, 1),
(59, 1, 0, '1', 2, 13, 1, 1, '1Д', '', 0, NULL, '1D.png', 0, NULL, '0', 0, b'1', 43, 26.4, 0, 1),
(60, 1, 0, '1', 2, 14, 1, 1, '1Д', '', 0, NULL, '1D.png', 0, NULL, '0', 0, b'1', 43, 26.4, 0, 1),
(61, 1, 0, '1', 2, 3, 1, 1, '1E', '', 3, NULL, '1E.png', 0, NULL, '3', 0, b'1', 42.9, 26.4, 0, 1),
(62, 1, 0, '1', 2, 4, 1, 1, '1E', '', 0, '250,286,250,286,359,284,359,284,361,139,361,139,249,136,249,136', '1E.png', 0, NULL, '3', 0, b'1', 42.9, 26.4, 0, 1),
(63, 1, 0, '1', 2, 5, 1, 1, '1E', '', 0, NULL, '1E.png', 0, NULL, '3', 0, b'1', 42.9, 26.4, 0, 1),
(64, 1, 0, '1', 2, 6, 1, 1, '1E', '', 0, NULL, '1E.png', 0, NULL, '3', 0, b'1', 42.9, 26.4, 0, 1),
(65, 1, 0, '1', 2, 7, 1, 1, '1E', '', 0, NULL, '1E.png', 0, NULL, '3', 0, b'1', 42.9, 26.4, 0, 1),
(66, 1, 0, '1', 2, 8, 1, 1, '1E', '', 0, NULL, '1E.png', 0, NULL, '3', 0, b'1', 42.9, 26.4, 0, 1),
(67, 1, 0, '1', 2, 9, 1, 1, '1E', '', 0, NULL, '1E.png', 0, NULL, '3', 0, b'1', 42.9, 26.4, 0, 1),
(68, 1, 0, '1', 2, 10, 1, 1, '1E', '', 0, NULL, '1E.png', 0, NULL, '0', 0, b'1', 42.9, 26.4, 0, 1),
(69, 1, 0, '1', 2, 11, 1, 1, '1E', '', 0, NULL, '1E.png', 0, NULL, '0', 0, b'1', 42.9, 26.4, 0, 1),
(70, 1, 0, '1', 2, 12, 1, 1, '1E', '', 0, NULL, '1E.png', 0, NULL, '0', 0, b'1', 42.9, 26.4, 0, 1),
(71, 1, 0, '1', 2, 13, 1, 1, '1E', '', 0, NULL, '1E.png', 0, NULL, '0', 0, b'1', 42.9, 26.4, 0, 1),
(72, 1, 0, '1', 2, 14, 1, 1, '1E', '', 0, NULL, '1E.png', 0, NULL, '0', 0, b'1', 42.9, 26.4, 0, 1),
(73, 1, 0, '1', 1, 3, 1, 1, '1К', '', 1, NULL, '1I.png', 0, NULL, '0', 0, b'1', 34.3, 18.6, 1000000, 1),
(74, 1, 0, '1', 1, 4, 1, 1, '1К', '', 0, '150,197,150,197,320,183,320,183,170,147,170,147', '1I.png', 0, NULL, '0', 0, b'1', 34.3, 18.6, 0, 1),
(75, 1, 0, '1', 1, 5, 1, 1, '1К', '', 0, NULL, '1I.png', 0, NULL, '0', 0, b'1', 34.3, 18.6, 0, 1),
(76, 1, 0, '1', 1, 6, 1, 1, '1К', '', 0, NULL, '1I.png', 0, NULL, '0', 0, b'1', 34.3, 18.6, 0, 1),
(77, 1, 0, '1', 1, 7, 1, 1, '1К', '', 0, NULL, '1I.png', 0, NULL, '0', 0, b'1', 34.3, 18.6, 0, 1),
(78, 1, 0, '1', 1, 8, 1, 1, '1К', '', 0, NULL, '1I.png', 0, NULL, '0', 0, b'1', 34.3, 18.6, 0, 1),
(79, 1, 0, '1', 1, 9, 1, 1, '1К', '', 0, NULL, '1I.png', 0, NULL, '0', 0, b'1', 34.3, 18.6, 0, 1),
(80, 1, 0, '1', 1, 3, 1, 1, '1Л', '', 0, NULL, '1K.png', 0, NULL, '0', 0, b'1', 41.4, 19.2, 0, 1),
(81, 1, 0, '1', 1, 4, 1, 1, '1Л', '', 0, '150,197,150,197,320,183,320,183,170,147,170,147', '1K.png', 0, NULL, '0', 0, b'1', 41.4, 19.2, 0, 1),
(82, 1, 0, '1', 1, 5, 1, 1, '1Л', '', 0, NULL, '1K.png', 0, NULL, '0', 0, b'1', 41.4, 19.2, 0, 1),
(83, 1, 0, '1', 1, 6, 1, 1, '1Л', '', 0, NULL, '1K.png', 0, NULL, '0', 0, b'1', 41.4, 19.2, 0, 1),
(84, 1, 0, '1', 1, 7, 1, 1, '1Л', '', 0, NULL, '1K.png', 0, NULL, '0', 0, b'1', 41.4, 19.2, 0, 1),
(85, 1, 0, '1', 1, 8, 1, 1, '1Л', '', 0, NULL, '1K.png', 0, NULL, '0', 0, b'1', 41.4, 19.2, 0, 1),
(86, 1, 0, '1', 1, 9, 1, 1, '1Л', '', 0, NULL, '1K.png', 0, NULL, '0', 0, b'1', 41.4, 19.2, 0, 1),
(87, 1, 0, '1', 3, 3, 1, 1, '2A', '', 0, NULL, '2A.png', 0, NULL, '0', 0, b'1', 66.1, 40.2, 0, 1),
(88, 1, 0, '1', 3, 4, 1, 1, '2A', '', 0, '63,262.79998779297,64,135.79998779297,154,135.79998779297,154,262.79998779297', '2A.png', 0, NULL, '0', 0, b'1', 66.1, 40.2, 0, 1),
(89, 1, 0, '1', 3, 5, 1, 1, '2A', '', 0, NULL, '2A.png', 0, NULL, '0', 0, b'1', 66.1, 40.2, 0, 1),
(90, 1, 0, '1', 3, 6, 1, 1, '2A', '', 0, NULL, '2A.png', 0, NULL, '0', 0, b'1', 66.1, 40.2, 0, 1),
(91, 1, 0, '1', 3, 7, 1, 1, '2A', '', 0, NULL, '2A.png', 0, NULL, '0', 0, b'1', 66.1, 40.2, 0, 1),
(92, 1, 0, '1', 3, 8, 1, 1, '2A', '', 0, NULL, '2A.png', 0, NULL, '0', 0, b'1', 66.1, 40.2, 0, 1),
(93, 1, 0, '1', 3, 9, 1, 1, '2A', '', 0, NULL, '2A.png', 0, NULL, '0', 0, b'1', 66.1, 40.2, 0, 1),
(94, 1, 0, '1', 3, 10, 1, 1, '2A', '', 0, NULL, '2A.png', 0, NULL, '0', 0, b'1', 66.1, 40.2, 0, 1),
(95, 1, 0, '1', 3, 11, 1, 1, '2A', '', 0, NULL, '2A.png', 0, NULL, '0', 0, b'1', 66.1, 40.2, 0, 1),
(96, 1, 0, '1', 3, 12, 1, 1, '2A', '', 0, NULL, '2A.png', 0, NULL, '0', 0, b'1', 66.1, 40.2, 0, 1),
(97, 1, 0, '1', 3, 13, 1, 1, '2A', '', 0, NULL, '2A.png', 0, NULL, '0', 0, b'1', 66.1, 40.2, 0, 1),
(98, 1, 0, '1', 3, 14, 1, 1, '2A', '', 0, NULL, '2A.png', 0, NULL, '0', 0, b'1', 66.1, 40.2, 0, 1),
(99, 1, 0, '1', 3, 3, 1, 1, '2Б', '', 0, NULL, '2B.png', 0, NULL, '0', 0, b'1', 63.9, 35.1, 0, 1),
(100, 1, 0, '1', 3, 4, 1, 1, '2Б', '', 0, '247,260,247,137,339,138,339,261', '2B.png', 0, NULL, '0', 0, b'1', 63.9, 35.1, 0, 1),
(101, 1, 0, '1', 3, 5, 1, 1, '2Б', '', 0, NULL, '2B.png', 0, NULL, '0', 0, b'1', 63.9, 35.1, 0, 1),
(102, 1, 0, '1', 3, 6, 1, 1, '2Б', '', 0, NULL, '2B.png', 0, NULL, '0', 0, b'1', 63.9, 35.1, 0, 1),
(103, 1, 0, '1', 3, 7, 1, 1, '2Б', '', 0, NULL, '2B.png', 0, NULL, '0', 0, b'1', 63.9, 35.1, 0, 1),
(104, 1, 0, '1', 3, 8, 1, 1, '2Б', '', 0, NULL, '2B.png', 0, NULL, '0', 0, b'1', 63.9, 35.1, 0, 1),
(105, 1, 0, '1', 3, 9, 1, 1, '2Б', '', 0, NULL, '2B.png', 0, NULL, '0', 0, b'1', 63.9, 35.1, 0, 1),
(106, 1, 0, '1', 3, 10, 1, 1, '2Б', '', 0, NULL, '2B.png', 0, NULL, '0', 0, b'1', 63.9, 35.1, 0, 1),
(107, 1, 0, '1', 3, 11, 1, 1, '2Б', '', 0, NULL, '2B.png', 0, NULL, '0', 0, b'1', 63.9, 35.1, 0, 1),
(108, 1, 0, '1', 3, 12, 1, 1, '2Б', '', 0, NULL, '2B.png', 0, NULL, '0', 0, b'1', 63.9, 35.1, 0, 1),
(109, 1, 0, '1', 3, 13, 1, 1, '2Б', '', 0, NULL, '2B.png', 0, NULL, '0', 0, b'1', 63.9, 35.1, 0, 1),
(110, 1, 0, '1', 3, 14, 1, 1, '2Б', '', 0, NULL, '2B.png', 0, NULL, '0', 0, b'1', 63.9, 35.1, 0, 1),
(111, 1, 0, '1', 3, 3, 1, 1, '2B', '', 0, NULL, '2V.png', 0, NULL, '0', 0, b'1', 56, 37.6, 0, 1),
(112, 1, 0, '1', 3, 4, 1, 1, '2B', '', 0, '13,262,62,262,64,137,114,137,111,38,14,35', '2V.png', 0, NULL, '0', 0, b'1', 56, 37.6, 0, 1),
(113, 1, 0, '1', 3, 5, 1, 1, '2B', '', 0, NULL, '2V.png', 0, NULL, '0', 0, b'1', 56, 37.6, 0, 1),
(114, 1, 0, '1', 3, 6, 1, 1, '2B', '', 0, NULL, '2V.png', 0, NULL, '0', 0, b'1', 56, 37.6, 0, 1),
(115, 1, 0, '1', 3, 7, 1, 1, '2B', '', 0, NULL, '2V.png', 0, NULL, '0', 0, b'1', 56, 37.6, 0, 1),
(116, 1, 0, '1', 3, 8, 1, 1, '2B', '', 0, NULL, '2V.png', 0, NULL, '0', 0, b'1', 56, 37.6, 0, 1),
(117, 1, 0, '1', 3, 9, 1, 1, '2B', '', 0, NULL, '2V.png', 0, NULL, '0', 0, b'1', 56, 37.6, 0, 1),
(118, 1, 0, '1', 3, 10, 1, 1, '2B', '', 0, NULL, '2V.png', 0, NULL, '0', 0, b'1', 56, 37.6, 0, 1),
(119, 1, 0, '1', 3, 11, 1, 1, '2B', '', 0, NULL, '2V.png', 0, NULL, '0', 0, b'1', 56, 37.6, 0, 1),
(120, 1, 0, '1', 3, 12, 1, 1, '2B', '', 0, NULL, '2V.png', 0, NULL, '0', 0, b'1', 56, 37.6, 0, 1),
(121, 1, 0, '1', 3, 13, 1, 1, '2B', '', 0, NULL, '2V.png', 0, NULL, '0', 0, b'1', 56, 37.6, 0, 1),
(122, 1, 0, '1', 3, 14, 1, 1, '2B', '', 0, NULL, '2V.png', 0, NULL, '0', 0, b'1', 56, 37.6, 0, 1),
(123, 1, 0, '1', 2, 3, 1, 1, '2Г', '', 0, NULL, '2G.png', 0, NULL, '2', 0, b'1', 69.3, 43.7, 0, 1),
(124, 1, 0, '1', 2, 4, 1, 1, '2Г', '', 0, '140,135,140,135,140,135,140,135,249,137,249,137,249,137,249,137,250,285,250,285,250,285,250,285,142,287,142,287,142,287,142,287', '2G.png', 0, '339,265,339,265,339,140,339,140,448,139,448,139,505,197,505,197,437,263,437,263', '2', 0, b'1', 69.3, 43.7, 0, 1),
(125, 1, 0, '1', 2, 5, 1, 1, '2Г', '', 1, NULL, '2G.png', 0, NULL, '2', 0, b'1', 69.3, 43.7, 0, 1),
(126, 1, 0, '1', 2, 6, 1, 1, '2Г', '', 0, NULL, '2G.png', 0, NULL, '2', 0, b'1', 69.3, 43.7, 0, 1),
(127, 1, 0, '1', 2, 7, 1, 1, '2Г', '', 1, NULL, '2G.png', 0, NULL, '2', 0, b'1', 69.3, 43.7, 0, 1),
(128, 1, 0, '1', 2, 8, 1, 1, '2Г', '', 0, NULL, '2G.png', 0, NULL, '2', 0, b'1', 69.3, 43.7, 0, 1),
(129, 1, 0, '1', 2, 9, 1, 1, '2Г', '', 0, NULL, '2G.png', 0, NULL, '0', 0, b'1', 69.3, 43.7, 0, 1),
(130, 1, 0, '1', 2, 10, 1, 1, '2Г', '', 0, NULL, '2G_10-14.png', 0, NULL, '0', 0, b'1', 71.9, 45.3, 0, 1),
(131, 1, 0, '1', 2, 11, 1, 1, '2Г', '', 0, NULL, '2G_10-14.png', 0, NULL, '0', 0, b'1', 71.9, 45.3, 0, 1),
(132, 1, 0, '1', 2, 12, 1, 1, '2Г', '', 0, NULL, '2G_10-14.png', 0, NULL, '0', 0, b'1', 71.9, 45.3, 0, 1),
(133, 1, 0, '1', 2, 13, 1, 1, '2Г', '', 0, NULL, '2G_10-14.png', 0, NULL, '0', 0, b'1', 71.9, 45.3, 0, 1),
(134, 1, 0, '1', 2, 14, 1, 1, '2Г', '', 0, NULL, '2G_10-14.png', 0, NULL, '0', 0, b'1', 71.9, 45.3, 0, 1),
(135, 1, 0, '1', 1, 3, 1, 1, '2Д', '', 0, NULL, '2D.png', 0, NULL, '0', 0, b'1', 60.3, 37.4, 0, 1),
(136, 1, 0, '1', 1, 4, 1, 1, '2Д', '', 0, '150,197,150,197,320,183,320,183,170,147,170,147', '2D.png', 0, NULL, '0', 0, b'1', 60.3, 37.4, 0, 1),
(137, 1, 0, '1', 1, 5, 1, 1, '2Д', '', 0, NULL, '2D.png', 0, NULL, '0', 0, b'1', 60.3, 37.4, 0, 1),
(138, 1, 0, '1', 1, 6, 1, 1, '2Д', '', 0, NULL, '2D.png', 0, NULL, '0', 0, b'1', 60.3, 37.4, 0, 1),
(139, 1, 0, '1', 1, 7, 1, 1, '2Д', '', 0, NULL, '2D.png', 0, NULL, '0', 0, b'1', 60.3, 37.4, 0, 1),
(140, 1, 0, '1', 1, 8, 1, 1, '2Д', '', 0, NULL, '2D.png', 0, NULL, '0', 0, b'1', 60.3, 37.4, 0, 1),
(141, 1, 0, '1', 1, 9, 1, 1, '2Д', '', 0, NULL, '2D.png', 0, NULL, '0', 0, b'1', 60.3, 37.4, 0, 1),
(142, 1, 0, '1', 1, 3, 1, 1, '2E', '', 1, NULL, '2E.png', 0, NULL, '0', 0, b'1', 52.7, 35, 0, 1),
(143, 1, 0, '1', 1, 4, 1, 1, '2E', '', 0, '150,197,150,197,320,183,320,183,170,147,170,147', '2E.png', 0, '156,262,155,138,66,138,66,261', '0', 0, b'1', 52.7, 35, 0, 1),
(144, 1, 0, '1', 1, 5, 1, 1, '2E', '', 0, NULL, '2E.png', 0, NULL, '0', 0, b'1', 52.7, 35, 0, 1),
(145, 1, 0, '1', 1, 6, 1, 1, '2E', '', 0, NULL, '2E.png', 0, NULL, '0', 0, b'1', 52.7, 35, 0, 1),
(146, 1, 0, '1', 1, 7, 1, 1, '2E', '', 0, NULL, '2E.png', 0, NULL, '0', 0, b'1', 52.7, 35, 0, 1),
(147, 1, 0, '1', 1, 8, 1, 1, '2E', '', 0, NULL, '2E.png', 0, NULL, '0', 0, b'1', 52.7, 35, 0, 1),
(148, 1, 0, '1', 1, 9, 1, 1, '2E', '', 0, NULL, '2E.png', 0, NULL, '0', 0, b'1', 52.7, 35, 0, 1),
(149, 1, 0, '1', 2, 3, 1, 1, '3A', '', 1, NULL, '3A.png', 0, NULL, '1', 0, b'1', 79.7, 52.1, 0, 1),
(150, 1, 0, '1', 2, 4, 1, 1, '3A', '', 0, '142,287,142,287,21,284,21,284,21,13,21,13,94,15,94,15,94,102,94,102,145,105,145,105,146,132,146,132,138,133,138,133', '3A.png', 0, '246,264,246,264,248,138,248,138,339,139,339,139,340,263,340,263', '1', 0, b'1', 79.7, 52.1, 0, 1),
(151, 1, 0, '1', 2, 5, 1, 1, '3A', '', 0, NULL, '3A.png', 0, NULL, '1', 0, b'1', 79.7, 52.1, 0, 1),
(152, 1, 0, '1', 2, 6, 1, 1, '3A', '', 0, NULL, '3A.png', 0, NULL, '1', 0, b'1', 79.7, 52.1, 0, 1),
(153, 1, 0, '1', 2, 7, 1, 1, '3A', '', 0, NULL, '3A.png', 0, NULL, '1', 0, b'1', 79.7, 52.1, 0, 1),
(154, 1, 0, '1', 2, 8, 1, 1, '3A', '', 0, NULL, '3A.png', 0, NULL, '1', 0, b'1', 79.7, 52.1, 0, 1),
(155, 1, 0, '1', 2, 9, 1, 1, '3A', '', 0, NULL, '3A.png', 0, '156,262.60000610352,156,262.60000610352,156,262.60000610352,156,262.60000610352,155,136.60000610352,155,136.60000610352,155,136.60000610352,155,136.60000610352,247,136.60000610352,247,136.60000610352,247,136.60000610352,247,136.60000610352,246,261.60000610352,246,261.60000610352,246,261.60000610352,246,261.60000610352,245,262.60000610352,245,262.60000610352,245,262.60000610352,245,262.60000610352', '1', 0, b'1', 79.7, 52.1, 0, 1),
(156, 1, 0, '1', 2, 10, 1, 1, '3A', '', 0, NULL, '3A.png', 0, NULL, '0', 0, b'1', 79.7, 52.1, 0, 1),
(157, 1, 0, '1', 2, 11, 1, 1, '3A', '', 0, NULL, '3A.png', 0, NULL, '0', 0, b'1', 79.7, 52.1, 0, 1),
(158, 1, 0, '1', 2, 12, 1, 1, '3A', '', 0, NULL, '3A.png', 0, NULL, '0', 0, b'1', 79.7, 52.1, 0, 1),
(159, 1, 0, '1', 2, 13, 1, 1, '3A', '', 0, NULL, '3A.png', 0, NULL, '0', 0, b'1', 79.7, 52.1, 0, 1),
(160, 1, 0, '1', 2, 14, 1, 1, '3A', '', 0, NULL, '3A.png', 0, NULL, '0', 0, b'1', 79.7, 52.1, 0, 1),
(161, 1, 0, '2', 2, 3, 1, 1, '1А', '', 0, NULL, '1A.png', 0, NULL, '0', 0, b'1', 38.9, 17.5, 0, 1),
(162, 1, 0, '2', 2, 4, 1, 1, '1А', '', 0, NULL, '1A.png', 0, NULL, '0', 0, b'1', 38.9, 17.5, 0, 1),
(163, 1, 0, '2', 2, 5, 1, 1, '1А', '', 0, NULL, '1A.png', 0, NULL, '0', 0, b'1', 38.9, 17.5, 0, 1),
(164, 1, 0, '2', 2, 6, 1, 1, '1А', '', 0, NULL, '1A.png', 0, NULL, '0', 0, b'1', 38.9, 17.5, 0, 1),
(165, 1, 0, '2', 2, 7, 1, 1, '1А', '', 0, NULL, '1A.png', 0, NULL, '0', 0, b'1', 38.9, 17.5, 0, 1),
(166, 1, 0, '2', 2, 8, 1, 1, '1А', '', 0, NULL, '1A.png', 0, NULL, '0', 0, b'1', 38.9, 17.5, 0, 1),
(167, 1, 0, '2', 2, 9, 1, 1, '1А', '', 0, NULL, '1A.png', 0, NULL, '0', 0, b'1', 38.9, 17.5, 0, 1),
(168, 1, 0, '2', 2, 10, 1, 1, '1А', '', 0, NULL, '1A.png', 0, NULL, '0', 0, b'1', 38.9, 17.5, 0, 1),
(169, 1, 0, '2', 2, 11, 1, 1, '1А', '', 0, NULL, '1A.png', 0, NULL, '0', 0, b'1', 38.9, 17.5, 0, 1),
(170, 1, 0, '2', 2, 12, 1, 1, '1А', '', 0, NULL, '1A.png', 0, NULL, '0', 0, b'1', 38.9, 17.5, 0, 1),
(171, 1, 0, '2', 2, 13, 1, 1, '1А', '', 0, NULL, '1A.png', 0, NULL, '0', 0, b'1', 38.9, 17.5, 0, 1),
(172, 1, 0, '2', 2, 14, 1, 1, '1А', '', 0, NULL, '1A.png', 0, NULL, '0', 0, b'1', 38.9, 17.5, 0, 1),
(173, 1, 0, '2', 2, 3, 1, 1, '1Б', '', 0, NULL, '1B.png', 0, NULL, '0', 0, b'1', 38, 17.5, 0, 1),
(174, 1, 0, '2', 2, 4, 1, 1, '1Б', '', 0, NULL, '1B.png', 0, NULL, '0', 0, b'1', 38, 17.5, 0, 1),
(175, 1, 0, '2', 2, 5, 1, 1, '1Б', '', 0, '145,143,138,285,257,286,239,144', '1B.png', 0, NULL, '0', 0, b'1', 38, 17.5, 0, 1),
(176, 1, 0, '2', 2, 6, 1, 1, '1Б', '', 0, NULL, '1B.png', 0, NULL, '0', 0, b'1', 38, 17.5, 0, 1),
(177, 1, 0, '2', 2, 7, 1, 1, '1Б', '', 0, NULL, '1B.png', 0, NULL, '0', 0, b'1', 38, 17.5, 0, 1),
(178, 1, 0, '2', 2, 8, 1, 1, '1Б', '', 0, NULL, '1B.png', 0, NULL, '0', 0, b'1', 38, 17.5, 0, 1),
(179, 1, 0, '2', 2, 9, 1, 1, '1Б', '', 0, NULL, '1B.png', 0, NULL, '0', 0, b'1', 38, 17.5, 0, 1),
(180, 1, 0, '2', 2, 10, 1, 1, '1Б', '', 0, NULL, '1B.png', 0, NULL, '0', 0, b'1', 38, 17.5, 0, 1),
(181, 1, 0, '2', 2, 11, 1, 1, '1Б', '', 0, NULL, '1B.png', 0, NULL, '0', 0, b'1', 38, 17.5, 0, 1),
(182, 1, 0, '2', 2, 12, 1, 1, '1Б', '', 0, NULL, '1B.png', 0, NULL, '0', 0, b'1', 38, 17.5, 0, 1),
(183, 1, 0, '2', 2, 13, 1, 1, '1Б', '', 0, NULL, '1B.png', 0, NULL, '0', 0, b'1', 38, 17.5, 0, 1),
(184, 1, 0, '2', 2, 14, 1, 1, '1Б', '', 0, NULL, '1B.png', 0, NULL, '0', 0, b'1', 38, 17.5, 0, 1),
(185, 1, 0, '2', 1, 3, 1, 1, '1Д', '', 0, NULL, '1D.png', 0, NULL, '0', 0, b'1', 40.3, 24.4, 0, 1),
(186, 1, 0, '2', 1, 4, 1, 1, '1Д', '', 0, NULL, '1D.png', 0, NULL, '0', 0, b'1', 40.3, 24.4, 0, 1),
(187, 1, 0, '2', 1, 5, 1, 1, '1Д', '', 0, NULL, '1D.png', 0, NULL, '0', 0, b'1', 40.3, 24.4, 0, 1),
(188, 1, 0, '2', 1, 6, 1, 1, '1Д', '', 0, NULL, '1D.png', 0, NULL, '0', 0, b'1', 40.3, 24.4, 0, 1),
(189, 1, 0, '2', 1, 7, 1, 1, '1Д', '', 0, NULL, '1D.png', 0, NULL, '0', 0, b'1', 40.3, 24.4, 0, 1),
(190, 1, 0, '2', 1, 8, 1, 1, '1Д', '', 0, NULL, '1D.png', 0, NULL, '0', 0, b'1', 40.3, 24.4, 0, 1),
(191, 1, 0, '2', 1, 9, 1, 1, '1Д', '', 0, NULL, '1D.png', 0, NULL, '0', 0, b'1', 40.3, 24.4, 0, 1),
(192, 1, 0, '2', 1, 3, 1, 1, '1Е', '', 0, NULL, '1E.png', 0, NULL, '0', 0, b'1', 36.8, 16.9, 0, 1),
(193, 1, 0, '2', 1, 4, 1, 1, '1Е', '', 0, NULL, '1E.png', 0, NULL, '0', 0, b'1', 36.8, 16.9, 0, 1),
(194, 1, 0, '2', 1, 5, 1, 1, '1Е', '', 0, NULL, '1E.png', 0, NULL, '0', 0, b'1', 36.8, 16.9, 0, 1),
(195, 1, 0, '2', 1, 6, 1, 1, '1Е', '', 0, NULL, '1E.png', 0, NULL, '0', 0, b'1', 36.8, 16.9, 0, 1),
(196, 1, 0, '2', 1, 7, 1, 1, '1Е', '', 0, NULL, '1E.png', 0, NULL, '0', 0, b'1', 36.8, 16.9, 0, 1),
(197, 1, 0, '2', 1, 8, 1, 1, '1Е', '', 0, NULL, '1E.png', 0, NULL, '0', 0, b'1', 36.8, 16.9, 0, 1),
(198, 1, 0, '2', 1, 9, 1, 1, '1Е', '', 0, NULL, '1E.png', 0, NULL, '0', 0, b'1', 36.8, 16.9, 0, 1),
(199, 1, 0, '2', 1, 3, 1, 1, '1К', '', 0, NULL, '1K.png', 0, NULL, '0', 0, b'1', 39.3, 18.1, 0, 1),
(200, 1, 0, '2', 1, 4, 1, 1, '1К', '', 0, NULL, '1K.png', 0, NULL, '0', 0, b'1', 39.3, 18.1, 0, 1),
(201, 1, 0, '2', 1, 5, 1, 1, '1К', '', 0, NULL, '1K.png', 0, NULL, '0', 0, b'1', 39.3, 18.1, 0, 1),
(202, 1, 0, '2', 1, 6, 1, 1, '1К', '', 0, NULL, '1K.png', 0, NULL, '0', 0, b'1', 39.3, 18.1, 0, 1),
(203, 1, 0, '2', 1, 7, 1, 1, '1К', '', 0, NULL, '1K.png', 0, NULL, '0', 0, b'1', 39.3, 18.1, 0, 1),
(204, 1, 0, '2', 1, 8, 1, 1, '1К', '', 0, NULL, '1K.png', 0, NULL, '0', 0, b'1', 39.3, 18.1, 0, 1),
(205, 1, 0, '2', 1, 9, 1, 1, '1К', '', 0, NULL, '1K.png', 0, NULL, '0', 0, b'1', 39.3, 18.1, 0, 1),
(206, 1, 0, '2', 2, 3, 2, 1, '2A', '', 0, NULL, '2A.png', 0, NULL, '0', 0, b'1', 60.6, 40.3, 0, 1),
(207, 1, 0, '2', 2, 4, 2, 1, '2A', '', 0, NULL, '2A.png', 0, NULL, '0', 0, b'1', 60.6, 40.3, 0, 1),
(208, 1, 0, '2', 2, 5, 2, 1, '2A', '', 0, NULL, '2A.png', 0, NULL, '0', 0, b'1', 60.6, 40.3, 0, 1),
(209, 1, 0, '2', 2, 6, 2, 1, '2A', '', 0, NULL, '2A.png', 0, NULL, '0', 0, b'1', 60.6, 40.3, 0, 1),
(210, 1, 0, '2', 2, 7, 2, 1, '2A', '', 0, NULL, '2A.png', 0, NULL, '0', 0, b'1', 60.6, 40.3, 0, 1),
(211, 1, 0, '2', 2, 8, 2, 1, '2A', '', 0, NULL, '2A.png', 0, NULL, '0', 0, b'1', 60.6, 40.3, 0, 1),
(212, 1, 0, '2', 2, 9, 2, 1, '2A', '', 0, NULL, '2A.png', 0, NULL, '0', 0, b'1', 60.6, 40.3, 0, 1),
(213, 1, 0, '2', 2, 10, 2, 1, '2A', '', 0, NULL, '2A.png', 0, NULL, '0', 0, b'1', 60.6, 40.3, 0, 1),
(214, 1, 0, '2', 2, 11, 2, 1, '2A', '', 0, NULL, '2A.png', 0, NULL, '0', 0, b'1', 60.6, 40.3, 0, 1),
(215, 1, 0, '2', 2, 12, 2, 1, '2A', '', 0, NULL, '2A.png', 0, NULL, '0', 0, b'1', 60.6, 40.3, 0, 1),
(216, 1, 0, '2', 2, 13, 2, 1, '2A', '', 0, NULL, '2A.png', 0, NULL, '0', 0, b'1', 60.6, 40.3, 0, 1),
(217, 1, 0, '2', 2, 14, 2, 1, '2A', '', 0, NULL, '2A.png', 0, NULL, '0', 0, b'1', 60.6, 40.3, 0, 1),
(218, 1, 0, '2', 2, 3, 2, 1, '2Б', '', 0, NULL, '2B.png', 0, NULL, '0', 0, b'1', 60, 30.5, 0, 1),
(219, 1, 0, '2', 2, 4, 2, 1, '2Б', '', 0, NULL, '2B.png', 0, NULL, '0', 0, b'1', 60, 30.5, 0, 1),
(220, 1, 0, '2', 2, 5, 2, 1, '2Б', '', 0, NULL, '2B.png', 0, NULL, '0', 0, b'1', 60, 30.5, 0, 1),
(221, 1, 0, '2', 2, 6, 2, 1, '2Б', '', 0, NULL, '2B.png', 0, NULL, '0', 0, b'1', 60, 30.5, 0, 1),
(222, 1, 0, '2', 2, 7, 2, 1, '2Б', '', 0, NULL, '2B.png', 0, NULL, '0', 0, b'1', 60, 30.5, 0, 1),
(223, 1, 0, '2', 2, 8, 2, 1, '2Б', '', 0, NULL, '2B.png', 0, NULL, '0', 0, b'1', 60, 30.5, 0, 1),
(224, 1, 0, '2', 2, 9, 2, 1, '2Б', '', 0, NULL, '2B.png', 0, NULL, '0', 0, b'1', 60, 30.5, 0, 1),
(225, 1, 0, '2', 2, 10, 2, 1, '2Б', '', 0, NULL, '2B.png', 0, NULL, '0', 0, b'1', 60, 30.5, 0, 1),
(226, 1, 0, '2', 2, 11, 2, 1, '2Б', '', 0, NULL, '2B.png', 0, NULL, '0', 0, b'1', 60, 30.5, 0, 1),
(227, 1, 0, '2', 2, 12, 2, 1, '2Б', '', 0, NULL, '2B.png', 0, NULL, '0', 0, b'1', 60, 30.5, 0, 1),
(228, 1, 0, '2', 2, 13, 2, 1, '2Б', '', 0, NULL, '2B.png', 0, NULL, '0', 0, b'1', 60, 30.5, 0, 1),
(229, 1, 0, '2', 2, 14, 2, 1, '2Б', '', 0, NULL, '2B.png', 0, NULL, '0', 0, b'1', 60, 30.5, 0, 1),
(230, 1, 0, '2', 1, 3, 2, 1, '2B', '', 0, NULL, '2V.png', 0, NULL, '0', 0, b'1', 62, 39.4, 0, 1),
(231, 1, 0, '2', 1, 4, 2, 1, '2B', '', 0, NULL, '2V.png', 0, NULL, '0', 0, b'1', 62, 39.4, 0, 1),
(232, 1, 0, '2', 1, 5, 2, 1, '2B', '', 0, NULL, '2V.png', 0, NULL, '0', 0, b'1', 62, 39.4, 0, 1),
(233, 1, 0, '2', 1, 6, 2, 1, '2B', '', 0, NULL, '2V.png', 0, NULL, '0', 0, b'1', 62, 39.4, 0, 1),
(234, 1, 0, '2', 1, 7, 2, 1, '2B', '', 0, NULL, '2V.png', 0, NULL, '0', 0, b'1', 62, 39.4, 0, 1),
(235, 1, 0, '2', 1, 8, 2, 1, '2B', '', 0, NULL, '2V.png', 0, NULL, '0', 0, b'1', 62, 39.4, 0, 1),
(236, 1, 0, '2', 1, 9, 2, 1, '2B', '', 0, NULL, '2V.png', 0, NULL, '0', 0, b'1', 62, 39.4, 0, 1),
(237, 1, 0, '2', 1, 3, 3, 1, '3Б', '', 0, NULL, '3B.png', 0, NULL, '0', 0, b'1', 70.3, 47.3, 0, 1),
(238, 1, 0, '2', 1, 4, 3, 1, '3Б', '', 0, NULL, '3B.png', 0, NULL, '0', 0, b'1', 70.3, 47.3, 0, 1),
(239, 1, 0, '2', 1, 5, 3, 1, '3Б', '', 0, NULL, '3B.png', 0, NULL, '0', 0, b'1', 70.3, 47.3, 0, 1),
(240, 1, 0, '2', 1, 6, 3, 1, '3Б', '', 0, NULL, '3B.png', 0, NULL, '0', 0, b'1', 70.3, 47.3, 0, 1),
(241, 1, 0, '2', 1, 7, 3, 1, '3Б', '', 0, NULL, '3B.png', 0, NULL, '0', 0, b'1', 70.3, 47.3, 0, 1),
(242, 1, 0, '2', 1, 8, 3, 1, '3Б', '', 0, NULL, '3B.png', 0, NULL, '0', 0, b'1', 70.3, 47.3, 0, 1),
(243, 1, 0, '2', 1, 9, 3, 1, '3Б', '', 0, NULL, '3B.png', 0, NULL, '0', 0, b'1', 70.3, 47.3, 0, 1),
(244, 1, 0, '2', 2, 3, 3, 1, '3A', '', 0, NULL, '3A.png', 0, NULL, '0', 0, b'1', 93.6, 60, 0, 1),
(245, 1, 0, '2', 2, 4, 3, 1, '3A', '', 0, NULL, '3A.png', 0, NULL, '0', 0, b'1', 93.6, 60, 0, 1),
(246, 1, 0, '2', 2, 5, 3, 1, '3A', '', 0, NULL, '3A.png', 0, NULL, '0', 0, b'1', 93.6, 60, 0, 1),
(247, 1, 0, '2', 2, 6, 3, 1, '3A', '', 0, NULL, '3A.png', 0, NULL, '0', 0, b'1', 93.6, 60, 0, 1),
(248, 1, 0, '2', 2, 7, 3, 1, '3A', '', 0, NULL, '3A.png', 0, NULL, '0', 0, b'1', 93.6, 60, 0, 1),
(249, 1, 0, '2', 2, 8, 3, 1, '3A', '', 0, NULL, '3A.png', 0, NULL, '0', 0, b'1', 93.6, 60, 0, 1),
(250, 1, 0, '2', 2, 9, 3, 1, '3A', '', 0, NULL, '3A.png', 0, NULL, '0', 0, b'1', 93.6, 60, 0, 1),
(251, 1, 0, '2', 2, 10, 3, 1, '3В', '', 0, NULL, '3V.png', 0, NULL, '0', 0, b'1', 96.9, 62.6, 0, 1),
(252, 1, 0, '2', 2, 11, 3, 1, '3В', '', 0, NULL, '3V.png', 0, NULL, '0', 0, b'1', 96.9, 62.6, 0, 1),
(253, 1, 0, '2', 2, 12, 3, 1, '3В', '', 0, NULL, '3V.png', 0, NULL, '0', 0, b'1', 96.9, 62.6, 0, 1),
(254, 1, 0, '2', 2, 13, 3, 1, '3В', '', 0, NULL, '3V.png', 0, NULL, '0', 0, b'1', 96.9, 62.6, 0, 1),
(255, 1, 0, '2', 2, 14, 3, 1, '3В', '', 0, NULL, '3V.png', 0, NULL, '0', 0, b'1', 96.9, 62.6, 0, 1),
(256, 1, 0, '2', 2, 3, 4, 1, '4A', '', 0, NULL, '4A.png', 0, NULL, '0', 0, b'1', 95.2, 59.7, 0, 1),
(257, 1, 0, '2', 2, 4, 4, 1, '4A', '', 0, '30,17,34,273,130,280,143,123,90,115,90,21', '4A.png', 0, NULL, '0', 0, b'1', 95.2, 59.7, 0, 1),
(258, 1, 0, '2', 2, 5, 4, 1, '4A', '', 0, NULL, '4A.png', 0, NULL, '0', 0, b'1', 95.2, 59.7, 0, 1),
(259, 1, 0, '2', 2, 6, 4, 1, '4A', '', 0, NULL, '4A.png', 0, NULL, '0', 0, b'1', 95.2, 59.7, 0, 1),
(260, 1, 0, '2', 2, 7, 4, 1, '4A', '', 0, NULL, '4A.png', 0, NULL, '0', 0, b'1', 95.2, 59.7, 0, 1),
(261, 1, 0, '2', 2, 8, 4, 1, '4A', '', 0, NULL, '4A.png', 0, NULL, '0', 0, b'1', 95.2, 59.7, 0, 1),
(262, 1, 0, '2', 2, 9, 4, 1, '4A', '', 0, NULL, '4A.png', 0, NULL, '0', 0, b'1', 95.2, 59.7, 0, 1),
(263, 1, 0, '2', 2, 10, 4, 1, '4A', '', 0, NULL, '4A.png', 0, NULL, '0', 0, b'1', 95.2, 59.7, 0, 1),
(264, 1, 0, '2', 2, 11, 4, 1, '4A', '', 0, NULL, '4A.png', 0, NULL, '0', 0, b'1', 95.2, 59.7, 0, 1),
(265, 1, 0, '2', 2, 12, 4, 1, '4A', '', 0, NULL, '4A.png', 0, NULL, '0', 0, b'1', 95.2, 59.7, 0, 1),
(266, 1, 0, '2', 2, 13, 4, 1, '4A', '', 0, NULL, '4A.png', 0, NULL, '0', 0, b'1', 95.2, 59.7, 0, 1),
(267, 1, 0, '2', 2, 14, 4, 1, '4A', '', 0, NULL, '4A.png', 0, NULL, '0', 0, b'1', 95.2, 59.7, 1000000, 1),
(268, 1, 0, '2', 1, 3, 4, 1, '4Б', '', 0, NULL, '4B.png', 0, NULL, '0', 0, b'1', 96.2, 63.1, 0, 1),
(269, 1, 0, '2', 1, 4, 4, 1, '4Б', '', 0, NULL, '4B.png', 0, NULL, '0', 0, b'1', 96.2, 63.1, 0, 1),
(270, 1, 0, '2', 1, 5, 4, 1, '4Б', '', 0, NULL, '4B.png', 0, NULL, '0', 0, b'1', 96.2, 63.1, 0, 1),
(271, 1, 0, '2', 1, 6, 4, 1, '4Б', '', 0, NULL, '4B.png', 0, NULL, '0', 0, b'1', 96.2, 63.1, 0, 1),
(272, 1, 0, '2', 1, 7, 4, 1, '4Б', '', 0, NULL, '4B.png', 0, NULL, '0', 0, b'1', 96.2, 63.1, 0, 1),
(273, 1, 0, '2', 1, 8, 4, 1, '4Б', '', 0, NULL, '4B.png', 0, NULL, '0', 0, b'1', 96.2, 63.1, 0, 1),
(274, 1, 0, '2', 1, 9, 4, 1, '4Б', '', 0, NULL, '4B.png', 0, NULL, '0', 0, b'1', 96.2, 63.1, 0, 1),
(275, 1, 0, '2', 2, 3, 1, 1, '1Г', '', 0, NULL, '1G.png', 0, NULL, '0', 0, b'1', 39.8, 24.2, 0, 1),
(276, 1, 0, '2', 2, 4, 1, 1, '1Г', '', 0, NULL, '1G.png', 0, NULL, '0', 0, b'1', 39.8, 24.2, 0, 1),
(277, 1, 0, '2', 2, 5, 1, 1, '1Г', '', 0, '370,143,366,276,473,288,469,143', '1G.png', 0, NULL, '0', 0, b'1', 39.8, 24.2, 0, 1),
(278, 1, 0, '2', 2, 6, 1, 1, '1Г', '', 0, NULL, '1G.png', 0, NULL, '0', 0, b'1', 39.8, 24.2, 0, 1),
(279, 1, 0, '2', 2, 7, 1, 1, '1Г', '', 0, NULL, '1G.png', 0, NULL, '0', 0, b'1', 39.8, 24.2, 0, 1),
(280, 1, 0, '2', 2, 8, 1, 1, '1Г', '', 0, NULL, '1G.png', 0, NULL, '0', 0, b'1', 39.8, 24.2, 0, 1),
(281, 1, 0, '2', 2, 9, 1, 1, '1Г', '', 0, NULL, '1G.png', 0, NULL, '0', 0, b'1', 39.8, 24.2, 0, 1),
(282, 1, 0, '2', 2, 10, 1, 1, '1Г', '', 0, NULL, '1G.png', 0, NULL, '0', 0, b'1', 39.8, 24.2, 0, 1),
(283, 1, 0, '2', 2, 11, 1, 1, '1Г', '', 0, NULL, '1G.png', 0, NULL, '0', 0, b'1', 39.8, 24.2, 0, 1),
(284, 1, 0, '2', 2, 12, 1, 1, '1Г', '', 0, NULL, '1G.png', 0, NULL, '0', 0, b'1', 39.8, 24.2, 0, 1),
(285, 1, 0, '2', 2, 13, 1, 1, '1Г', '', 0, NULL, '1G.png', 0, NULL, '0', 0, b'1', 39.8, 24.2, 0, 1),
(286, 1, 0, '2', 2, 14, 1, 1, '1Г', '', 0, NULL, '1G.png', 0, NULL, '0', 0, b'1', 39.8, 24.2, 0, 1),
(287, 1, 0, '2', 2, 3, 1, 1, '1В', '', 0, NULL, '1V.png', 0, NULL, '0', 0, b'1', 37.7, 16.7, 0, 1),
(288, 1, 0, '2', 2, 4, 1, 1, '1В', '', 0, NULL, '1V.png', 0, NULL, '0', 0, b'1', 37.7, 16.7, 0, 1),
(289, 1, 0, '2', 2, 5, 1, 1, '1В', '', 0, NULL, '1V.png', 0, NULL, '0', 0, b'1', 37.7, 16.7, 0, 1),
(290, 1, 0, '2', 2, 6, 1, 1, '1В', '', 0, NULL, '1V.png', 0, NULL, '0', 0, b'1', 37.7, 16.7, 0, 1),
(291, 1, 0, '2', 2, 7, 1, 1, '1В', '', 0, NULL, '1V.png', 0, NULL, '0', 0, b'1', 37.7, 16.7, 0, 1),
(292, 1, 0, '2', 2, 8, 1, 1, '1В', '', 0, NULL, '1V.png', 0, NULL, '0', 0, b'1', 37.7, 16.7, 0, 1),
(293, 1, 0, '2', 2, 9, 1, 1, '1В', '', 0, NULL, '1V.png', 0, NULL, '0', 0, b'1', 37.7, 16.7, 0, 1),
(294, 1, 0, '2', 2, 10, 1, 1, '1В', '', 0, NULL, '1V.png', 0, NULL, '0', 0, b'1', 37.7, 16.7, 0, 1),
(295, 1, 0, '2', 2, 11, 1, 1, '1В', '', 0, NULL, '1V.png', 0, NULL, '0', 0, b'1', 37.7, 16.7, 0, 1),
(296, 1, 0, '2', 2, 12, 1, 1, '1В', '', 0, NULL, '1V.png', 0, NULL, '0', 0, b'1', 37.7, 16.7, 0, 1),
(297, 1, 0, '2', 2, 13, 1, 1, '1В', '', 0, NULL, '1V.png', 0, NULL, '0', 0, b'1', 37.7, 16.7, 0, 1),
(298, 1, 0, '2', 2, 14, 1, 1, '1В', '', 0, NULL, '1V.png', 0, NULL, '0', 0, b'1', 37.7, 16.7, 0, 1);

-- --------------------------------------------------------

--
-- Структура таблицы `apartments_level`
--

CREATE TABLE IF NOT EXISTS `apartments_level` (
  `id` int(11) NOT NULL,
  `id_flat` int(11) NOT NULL,
  `unit` varchar(255) COLLATE utf8mb4_unicode_ci NOT NULL DEFAULT '0',
  `level` tinyint(4) NOT NULL DEFAULT '2',
  `sorts` varchar(255) COLLATE utf8mb4_unicode_ci NOT NULL,
  `sort_floor` varchar(255) COLLATE utf8mb4_unicode_ci NOT NULL
) ENGINE=InnoDB AUTO_INCREMENT=84 DEFAULT CHARSET=utf8mb4 COLLATE=utf8mb4_unicode_ci;

--
-- Дамп данных таблицы `apartments_level`
--

INSERT INTO `apartments_level` (`id`, `id_flat`, `unit`, `level`, `sorts`, `sort_floor`) VALUES
(1, 43, '1,3,4,5', 3, '', '248,137,248,137,338,137,338,137,339,262,339,262,247,262,247,262'),
(2, 205, '1,3,4,5', 3, '', ''),
(3, 206, '0', 2, '', ''),
(4, 207, '0', 2, '', ''),
(5, 209, '0', 2, '', ''),
(6, 210, '0', 2, '', ''),
(7, 212, '0', 2, '', ''),
(8, 213, '0', 2, '', ''),
(9, 214, '0', 2, '', ''),
(10, 215, '0', 2, '', ''),
(11, 218, '0', 2, '', ''),
(12, 219, '0', 2, '', ''),
(13, 226, '0', 2, '', ''),
(14, 227, '0', 2, '', ''),
(15, 228, '0', 2, '', ''),
(16, 229, '0', 2, '', ''),
(17, 230, '0', 2, '', ''),
(18, 231, '0', 2, '', ''),
(19, 232, '0', 2, '', ''),
(20, 233, '0', 2, '', ''),
(21, 234, '0', 2, '', ''),
(22, 235, '0', 2, '', ''),
(23, 236, '0', 2, '', ''),
(24, 237, '0', 2, '', ''),
(25, 238, '0', 2, '', ''),
(26, 239, '0', 2, '', ''),
(27, 240, '0', 2, '', ''),
(28, 241, '0', 2, '', ''),
(29, 242, '0', 2, '', ''),
(30, 243, '0', 2, '', ''),
(31, 244, '0', 2, '', ''),
(32, 245, '0', 2, '', ''),
(33, 246, '0', 2, '', ''),
(34, 247, '0', 2, '', ''),
(35, 248, '0', 2, '', ''),
(36, 249, '0', 2, '', ''),
(37, 250, '0', 2, '', ''),
(38, 265, '0', 2, '', ''),
(39, 266, '0', 2, '', ''),
(40, 267, '0', 2, '', ''),
(41, 268, '0', 2, '', ''),
(42, 269, '0', 2, '', ''),
(43, 270, '0', 2, '', ''),
(44, 271, '0', 2, '', ''),
(45, 272, '0', 2, '', ''),
(46, 273, '0', 2, '', ''),
(47, 274, '0', 2, '', ''),
(48, 275, '0', 2, '', ''),
(49, 276, '0', 2, '', ''),
(50, 277, '0', 2, '', ''),
(51, 304, '0', 2, '', ''),
(52, 305, '0', 2, '', ''),
(53, 310, '0', 2, '', ''),
(54, 311, '0', 2, '', ''),
(55, 312, '0', 2, '', ''),
(56, 313, '0', 2, '', ''),
(57, 584, '0', 2, '', ''),
(58, 590, '0', 2, '', ''),
(59, 591, '0', 2, '', ''),
(60, 592, '0', 2, '', ''),
(61, 593, '0', 2, '', ''),
(62, 602, '0', 2, '', ''),
(63, 603, '0', 2, '', ''),
(64, 607, '0', 2, '', ''),
(65, 608, '0', 2, '', ''),
(66, 609, '0', 2, '', ''),
(67, 610, '0', 2, '', ''),
(68, 611, '0', 2, '', ''),
(69, 612, '0', 2, '', ''),
(70, 613, '0', 2, '', ''),
(71, 630, '0', 2, '', ''),
(72, 631, '0', 2, '', ''),
(73, 632, '0', 2, '', ''),
(74, 647, '0', 2, '', ''),
(75, 648, '0', 2, '', ''),
(76, 649, '0', 2, '', ''),
(77, 650, '0', 2, '', ''),
(78, 651, '0', 2, '', ''),
(79, 652, '0', 2, '', ''),
(80, 657, '0', 2, '', ''),
(81, 658, '0', 2, '', ''),
(82, 43, '4', 2, '', ''),
(83, 49, '4', 2, '', '');

-- --------------------------------------------------------

--
-- Структура таблицы `apartments_reserve`
--

CREATE TABLE IF NOT EXISTS `apartments_reserve` (
  `id` int(11) NOT NULL,
  `data_from` datetime NOT NULL,
  `data_to` datetime NOT NULL,
  `user_id` int(11) NOT NULL,
  `flat_id` int(11) NOT NULL,
  `active` bit(1) NOT NULL DEFAULT b'1'
) ENGINE=InnoDB AUTO_INCREMENT=77 DEFAULT CHARSET=utf8mb4 COLLATE=utf8mb4_unicode_ci;

--
-- Дамп данных таблицы `apartments_reserve`
--

INSERT INTO `apartments_reserve` (`id`, `data_from`, `data_to`, `user_id`, `flat_id`, `active`) VALUES
(6, '2018-01-19 11:35:25', '2018-01-22 11:35:25', 1, 61, b'0'),
(56, '2018-01-19 15:15:58', '2018-01-22 15:15:58', 1, 142, b'1'),
(60, '2018-01-22 13:21:00', '2018-01-25 13:21:00', 1, 99, b'1'),
(63, '2018-01-24 13:11:01', '2018-01-27 13:11:01', 11, 173, b'1'),
(72, '2018-01-24 15:44:26', '2018-01-24 16:44:26', 1, 73, b'0'),
(73, '2018-01-25 09:06:35', '2018-01-28 09:06:35', 1, 73, b'1'),
(74, '2018-01-25 09:24:48', '2018-01-28 09:24:48', 31, 13, b'1'),
(75, '2018-03-14 10:07:18', '2018-03-17 10:07:18', 31, 149, b'1'),
(76, '2018-03-30 13:19:29', '2018-04-02 13:19:29', 29, 125, b'1');

-- --------------------------------------------------------

--
-- Структура таблицы `change_authorization`
--

CREATE TABLE IF NOT EXISTS `change_authorization` (
  `id` int(11) NOT NULL,
  `date` datetime NOT NULL DEFAULT CURRENT_TIMESTAMP,
  `user_ip` varchar(15) COLLATE utf8mb4_unicode_ci NOT NULL,
  `user_email` varchar(50) COLLATE utf8mb4_unicode_ci NOT NULL,
  `user_devicy` varchar(255) COLLATE utf8mb4_unicode_ci NOT NULL,
  `result` int(1) NOT NULL DEFAULT '0'
) ENGINE=InnoDB AUTO_INCREMENT=306 DEFAULT CHARSET=utf8mb4 COLLATE=utf8mb4_unicode_ci;

--
-- Дамп данных таблицы `change_authorization`
--

INSERT INTO `change_authorization` (`id`, `date`, `user_ip`, `user_email`, `user_devicy`, `result`) VALUES
(1, '2018-01-03 10:55:00', '91.225.165.165', 'admin@smarto.com', '', 1),
(2, '2018-01-03 11:05:00', '91.225.165.165', 'admin@smarto.com', '', 0),
(3, '2018-01-03 11:49:54', '91.225.165.165', 'admin@smarto.com1', 'Mozilla/5.0 (Windows NT 10.0; Win64; x64) AppleWebKit/537.36 (KHTML, like Gecko) Chrome/63.0.3239.84 Safari/537.36', 1),
(4, '2018-01-03 11:50:22', '91.225.165.165', 'admin@smarto.com2', 'Mozilla/5.0 (Windows NT 10.0; Win64; x64) AppleWebKit/537.36 (KHTML, like Gecko) Chrome/63.0.3239.84 Safari/537.36', 1),
(5, '2018-01-03 11:50:34', '91.225.165.165', 'admin@smarto.com', 'Mozilla/5.0 (Windows NT 10.0; Win64; x64) AppleWebKit/537.36 (KHTML, like Gecko) Chrome/63.0.3239.84 Safari/537.36', 1),
(6, '2018-01-03 11:50:41', '91.225.165.165', 'admin@smarto.com', 'Mozilla/5.0 (Windows NT 10.0; Win64; x64) AppleWebKit/537.36 (KHTML, like Gecko) Chrome/63.0.3239.84 Safari/537.36', 1),
(7, '2018-01-03 11:50:45', '91.225.165.165', 'admin@smarto.com', 'Mozilla/5.0 (Windows NT 10.0; Win64; x64) AppleWebKit/537.36 (KHTML, like Gecko) Chrome/63.0.3239.84 Safari/537.36', 1),
(8, '2018-01-03 11:51:27', '91.225.165.165', 'admin@smarto.com', 'Mozilla/5.0 (Windows NT 10.0; Win64; x64) AppleWebKit/537.36 (KHTML, like Gecko) Chrome/63.0.3239.84 Safari/537.36', 1),
(9, '2018-01-03 11:52:02', '91.225.165.165', 'admin@smarto.com', 'Mozilla/5.0 (Windows NT 10.0; Win64; x64) AppleWebKit/537.36 (KHTML, like Gecko) Chrome/63.0.3239.84 Safari/537.36', 1),
(10, '2018-01-03 11:53:02', '91.225.165.165', 'admin@smarto.com', 'Mozilla/5.0 (Windows NT 10.0; Win64; x64) AppleWebKit/537.36 (KHTML, like Gecko) Chrome/63.0.3239.84 Safari/537.36', 1),
(11, '2018-01-03 11:53:35', '91.225.165.165', 'admin@smarto.com5', 'Mozilla/5.0 (Windows NT 10.0; Win64; x64) AppleWebKit/537.36 (KHTML, like Gecko) Chrome/63.0.3239.84 Safari/537.36', 1),
(12, '2018-01-03 12:06:01', '91.225.165.165', 'admin@smarto.com', 'Mozilla/5.0 (Windows NT 10.0; Win64; x64) AppleWebKit/537.36 (KHTML, like Gecko) Chrome/63.0.3239.84 Safari/537.36', 1),
(13, '2018-01-03 12:06:04', '91.225.165.165', 'admin@smarto.com', 'Mozilla/5.0 (Windows NT 10.0; Win64; x64) AppleWebKit/537.36 (KHTML, like Gecko) Chrome/63.0.3239.84 Safari/537.36', 1),
(14, '2018-01-03 12:06:19', '91.225.165.165', 'admin@smarto.com', 'Mozilla/5.0 (Windows NT 10.0; Win64; x64) AppleWebKit/537.36 (KHTML, like Gecko) Chrome/63.0.3239.84 Safari/537.36', 0),
(15, '2018-01-03 12:08:58', '91.225.165.165', 'admin@smarto.com', 'Mozilla/5.0 (Windows NT 10.0; Win64; x64) AppleWebKit/537.36 (KHTML, like Gecko) Chrome/63.0.3239.84 Safari/537.36', 1),
(16, '2018-01-03 12:09:01', '91.225.165.165', 'admin@smarto.com', 'Mozilla/5.0 (Windows NT 10.0; Win64; x64) AppleWebKit/537.36 (KHTML, like Gecko) Chrome/63.0.3239.84 Safari/537.36', 1),
(17, '2018-01-03 12:09:03', '91.225.165.165', 'admin@smarto.com', 'Mozilla/5.0 (Windows NT 10.0; Win64; x64) AppleWebKit/537.36 (KHTML, like Gecko) Chrome/63.0.3239.84 Safari/537.36', 1),
(18, '2018-01-03 12:09:16', '91.225.165.165', 'admin@smarto.com', 'Mozilla/5.0 (Windows NT 10.0; Win64; x64) AppleWebKit/537.36 (KHTML, like Gecko) Chrome/63.0.3239.84 Safari/537.36', 0),
(19, '2018-01-03 12:13:55', '91.225.165.165', 'admin@smarto.com', 'Mozilla/5.0 (Windows NT 10.0; Win64; x64) AppleWebKit/537.36 (KHTML, like Gecko) Chrome/63.0.3239.84 Safari/537.36', 1),
(20, '2018-01-03 12:13:59', '91.225.165.165', 'admin@smarto.com', 'Mozilla/5.0 (Windows NT 10.0; Win64; x64) AppleWebKit/537.36 (KHTML, like Gecko) Chrome/63.0.3239.84 Safari/537.36', 1),
(21, '2018-01-03 12:14:04', '91.225.165.165', 'admin@smarto.com1', 'Mozilla/5.0 (Windows NT 10.0; Win64; x64) AppleWebKit/537.36 (KHTML, like Gecko) Chrome/63.0.3239.84 Safari/537.36', 1),
(22, '2018-01-03 12:14:11', '91.225.165.165', 'admin@smarto.com1', 'Mozilla/5.0 (Windows NT 10.0; Win64; x64) AppleWebKit/537.36 (KHTML, like Gecko) Chrome/63.0.3239.84 Safari/537.36', 1),
(23, '2018-01-03 12:14:15', '91.225.165.165', 'admin@smarto.com', 'Mozilla/5.0 (Windows NT 10.0; Win64; x64) AppleWebKit/537.36 (KHTML, like Gecko) Chrome/63.0.3239.84 Safari/537.36', 1),
(24, '2018-01-03 12:14:19', '91.225.165.165', 'admin@smarto.com', 'Mozilla/5.0 (Windows NT 10.0; Win64; x64) AppleWebKit/537.36 (KHTML, like Gecko) Chrome/63.0.3239.84 Safari/537.36', 0),
(25, '2018-01-03 12:14:47', '91.225.165.165', 'admin@smarto.com', 'Mozilla/5.0 (Windows NT 10.0; Win64; x64) AppleWebKit/537.36 (KHTML, like Gecko) Chrome/63.0.3239.84 Safari/537.36', 0),
(26, '2018-01-03 12:18:15', '91.225.165.165', 'admin@smarto.com', 'Mozilla/5.0 (Windows NT 10.0; Win64; x64) AppleWebKit/537.36 (KHTML, like Gecko) Chrome/63.0.3239.84 Safari/537.36', 1),
(27, '2018-01-03 12:18:21', '91.225.165.165', 'admin@smarto.com', 'Mozilla/5.0 (Windows NT 10.0; Win64; x64) AppleWebKit/537.36 (KHTML, like Gecko) Chrome/63.0.3239.84 Safari/537.36', 0),
(28, '2018-01-03 12:18:27', '91.225.165.165', 'admin@smarto.com', 'Mozilla/5.0 (Windows NT 10.0; Win64; x64) AppleWebKit/537.36 (KHTML, like Gecko) Chrome/63.0.3239.84 Safari/537.36', 0),
(29, '2018-01-03 12:18:56', '91.225.165.165', 'admin@smarto.com', 'Mozilla/5.0 (Windows NT 10.0; Win64; x64) AppleWebKit/537.36 (KHTML, like Gecko) Chrome/63.0.3239.84 Safari/537.36', 0),
(30, '2018-01-03 12:19:06', '91.225.165.165', 'admin@smarto.com', 'Mozilla/5.0 (Windows NT 10.0; Win64; x64) AppleWebKit/537.36 (KHTML, like Gecko) Chrome/63.0.3239.84 Safari/537.36', 0),
(31, '2018-01-03 12:20:07', '91.225.165.165', 'admin@smarto.com', 'Mozilla/5.0 (Windows NT 10.0; Win64; x64) AppleWebKit/537.36 (KHTML, like Gecko) Chrome/63.0.3239.84 Safari/537.36', 0),
(32, '2018-01-03 12:21:03', '91.225.165.165', 'admin@smarto.com', 'Mozilla/5.0 (Windows NT 10.0; Win64; x64) AppleWebKit/537.36 (KHTML, like Gecko) Chrome/63.0.3239.84 Safari/537.36', 0),
(33, '2018-01-03 12:23:35', '91.225.165.165', 'admin@smarto.com', 'Mozilla/5.0 (Windows NT 10.0; Win64; x64) AppleWebKit/537.36 (KHTML, like Gecko) Chrome/63.0.3239.84 Safari/537.36', 0),
(34, '2018-01-03 12:27:21', '91.225.165.165', 'admin@smarto.com', 'Mozilla/5.0 (Windows NT 10.0; Win64; x64) AppleWebKit/537.36 (KHTML, like Gecko) Chrome/63.0.3239.84 Safari/537.36', 0),
(35, '2018-01-03 13:08:08', '91.225.165.165', 'admin@smarto.com', 'Mozilla/5.0 (Windows NT 10.0; Win64; x64) AppleWebKit/537.36 (KHTML, like Gecko) Chrome/63.0.3239.84 Safari/537.36', 0),
(36, '2018-01-03 13:08:21', '91.225.165.165', 'admin@smarto.com', 'Mozilla/5.0 (Windows NT 10.0; Win64; x64) AppleWebKit/537.36 (KHTML, like Gecko) Chrome/63.0.3239.84 Safari/537.36', 0),
(37, '2018-01-03 13:08:57', '91.225.165.165', 'admin@smarto.com', 'Mozilla/5.0 (Windows NT 10.0; Win64; x64) AppleWebKit/537.36 (KHTML, like Gecko) Chrome/63.0.3239.84 Safari/537.36', 0),
(38, '2018-01-03 13:10:00', '91.225.165.165', 'admin@smarto.com', 'Mozilla/5.0 (Windows NT 10.0; Win64; x64) AppleWebKit/537.36 (KHTML, like Gecko) Chrome/63.0.3239.84 Safari/537.36', 0),
(39, '2018-01-03 13:14:22', '91.225.165.165', 'admin@smarto.com', 'Mozilla/5.0 (Windows NT 10.0; Win64; x64) AppleWebKit/537.36 (KHTML, like Gecko) Chrome/63.0.3239.84 Safari/537.36', 0),
(40, '2018-01-03 13:14:46', '91.225.165.165', 'admin@smarto.com', 'Mozilla/5.0 (Windows NT 10.0; Win64; x64) AppleWebKit/537.36 (KHTML, like Gecko) Chrome/63.0.3239.84 Safari/537.36', 0),
(41, '2018-01-03 13:15:14', '91.225.165.165', 'admin@smarto.com', 'Mozilla/5.0 (Windows NT 10.0; Win64; x64) AppleWebKit/537.36 (KHTML, like Gecko) Chrome/63.0.3239.84 Safari/537.36', 0),
(42, '2018-01-03 13:16:59', '91.225.165.165', 'admin@smarto.com', 'Mozilla/5.0 (Windows NT 10.0; Win64; x64; rv:57.0) Gecko/20100101 Firefox/57.0', 0),
(43, '2018-01-03 13:23:04', '91.225.165.165', 'admin@smarto.com', 'Mozilla/5.0 (Windows NT 10.0; Win64; x64) AppleWebKit/537.36 (KHTML, like Gecko) Chrome/63.0.3239.84 Safari/537.36', 1),
(44, '2018-01-03 13:23:07', '91.225.165.165', 'admin@smarto.com', 'Mozilla/5.0 (Windows NT 10.0; Win64; x64) AppleWebKit/537.36 (KHTML, like Gecko) Chrome/63.0.3239.84 Safari/537.36', 1),
(45, '2018-01-03 13:23:13', '91.225.165.165', 'admin@smarto.com', 'Mozilla/5.0 (Windows NT 10.0; Win64; x64) AppleWebKit/537.36 (KHTML, like Gecko) Chrome/63.0.3239.84 Safari/537.36', 1),
(46, '2018-01-03 13:23:19', '91.225.165.165', 'admin@smarto.com', 'Mozilla/5.0 (Windows NT 10.0; Win64; x64) AppleWebKit/537.36 (KHTML, like Gecko) Chrome/63.0.3239.84 Safari/537.36', 0),
(47, '2018-01-03 13:24:08', '91.225.165.165', 'admin@smarto.com', 'Mozilla/5.0 (Windows NT 10.0; Win64; x64) AppleWebKit/537.36 (KHTML, like Gecko) Chrome/63.0.3239.84 Safari/537.36', 0),
(48, '2018-01-03 13:24:42', '91.225.165.165', 'admin@smarto.com', 'Mozilla/5.0 (Windows NT 10.0; Win64; x64) AppleWebKit/537.36 (KHTML, like Gecko) Chrome/63.0.3239.84 Safari/537.36', 0),
(49, '2018-01-03 13:25:12', '91.225.165.165', 'admin@smarto.com', 'Mozilla/5.0 (Windows NT 10.0; Win64; x64) AppleWebKit/537.36 (KHTML, like Gecko) Chrome/63.0.3239.84 Safari/537.36', 0),
(50, '2018-01-03 13:25:22', '91.225.165.165', 'admin@smarto.com', 'Mozilla/5.0 (Windows NT 10.0; Win64; x64) AppleWebKit/537.36 (KHTML, like Gecko) Chrome/63.0.3239.84 Safari/537.36', 0),
(51, '2018-01-03 13:26:00', '91.225.165.165', 'admin@smarto.com', 'Mozilla/5.0 (Windows NT 10.0; Win64; x64) AppleWebKit/537.36 (KHTML, like Gecko) Chrome/63.0.3239.84 Safari/537.36', 0),
(52, '2018-01-03 13:31:00', '91.225.165.165', 'admin@smarto.com', 'Mozilla/5.0 (Windows NT 10.0; Win64; x64) AppleWebKit/537.36 (KHTML, like Gecko) Chrome/63.0.3239.84 Safari/537.36', 0),
(53, '2018-01-03 13:31:21', '91.225.165.165', 'admin@smarto.com', 'Mozilla/5.0 (Windows NT 10.0; Win64; x64) AppleWebKit/537.36 (KHTML, like Gecko) Chrome/63.0.3239.84 Safari/537.36', 0),
(54, '2018-01-03 13:37:21', '91.225.165.165', 'admin@smarto.com', 'Mozilla/5.0 (Windows NT 10.0; Win64; x64) AppleWebKit/537.36 (KHTML, like Gecko) Chrome/63.0.3239.84 Safari/537.36', 0),
(55, '2018-01-03 13:52:03', '91.225.165.165', 'admin@smarto.com', 'Mozilla/5.0 (Windows NT 10.0; Win64; x64) AppleWebKit/537.36 (KHTML, like Gecko) Chrome/63.0.3239.84 Safari/537.36', 0),
(56, '2018-01-03 13:52:29', '91.225.165.165', 'admin@smarto.com', 'Mozilla/5.0 (Windows NT 10.0; Win64; x64) AppleWebKit/537.36 (KHTML, like Gecko) Chrome/63.0.3239.84 Safari/537.36', 0),
(57, '2018-01-03 13:52:53', '91.225.165.165', 'admin@smarto.com', 'Mozilla/5.0 (Windows NT 10.0; Win64; x64) AppleWebKit/537.36 (KHTML, like Gecko) Chrome/63.0.3239.84 Safari/537.36', 0),
(58, '2018-01-03 13:53:37', '91.225.165.165', 'admin@smarto.com', 'Mozilla/5.0 (Windows NT 10.0; Win64; x64) AppleWebKit/537.36 (KHTML, like Gecko) Chrome/63.0.3239.84 Safari/537.36', 0),
(59, '2018-01-03 13:53:52', '91.225.165.165', 'admin@smarto.com', 'Mozilla/5.0 (Windows NT 10.0; Win64; x64) AppleWebKit/537.36 (KHTML, like Gecko) Chrome/63.0.3239.84 Safari/537.36', 0),
(60, '2018-01-04 09:07:57', '91.225.165.165', 'admin@smarto.com', 'Mozilla/5.0 (Windows NT 10.0; Win64; x64) AppleWebKit/537.36 (KHTML, like Gecko) Chrome/63.0.3239.84 Safari/537.36', 1),
(61, '2018-01-04 09:08:30', '91.225.165.165', 'admin@smarto.com', 'Mozilla/5.0 (Windows NT 10.0; Win64; x64) AppleWebKit/537.36 (KHTML, like Gecko) Chrome/63.0.3239.84 Safari/537.36', 1),
(62, '2018-01-04 09:08:52', '91.225.165.165', 'admin@smarto.com', 'Mozilla/5.0 (Windows NT 10.0; Win64; x64) AppleWebKit/537.36 (KHTML, like Gecko) Chrome/63.0.3239.84 Safari/537.36', 1),
(63, '2018-01-04 09:09:44', '91.225.165.165', 'admin@smarto.com', 'Mozilla/5.0 (Windows NT 10.0; Win64; x64) AppleWebKit/537.36 (KHTML, like Gecko) Chrome/63.0.3239.84 Safari/537.36', 0),
(64, '2018-01-04 09:11:07', '91.225.165.165', 'admin@smarto.com', 'Mozilla/5.0 (Windows NT 10.0; Win64; x64) AppleWebKit/537.36 (KHTML, like Gecko) Chrome/63.0.3239.84 Safari/537.36', 1),
(65, '2018-01-04 09:11:34', '91.225.165.165', 'admin@smarto.com', 'Mozilla/5.0 (Windows NT 10.0; Win64; x64) AppleWebKit/537.36 (KHTML, like Gecko) Chrome/63.0.3239.84 Safari/537.36', 1),
(66, '2018-01-04 09:12:13', '91.225.165.165', 'admin@smarto.com', 'Mozilla/5.0 (Windows NT 10.0; Win64; x64) AppleWebKit/537.36 (KHTML, like Gecko) Chrome/63.0.3239.84 Safari/537.36', 1),
(67, '2018-01-04 09:13:13', '91.225.165.165', 'admin@smarto.com', 'Mozilla/5.0 (Windows NT 10.0; Win64; x64) AppleWebKit/537.36 (KHTML, like Gecko) Chrome/63.0.3239.84 Safari/537.36', 0),
(68, '2018-01-04 09:13:48', '91.225.165.165', 'admin@smarto.com', 'Mozilla/5.0 (Windows NT 10.0; Win64; x64) AppleWebKit/537.36 (KHTML, like Gecko) Chrome/63.0.3239.84 Safari/537.36', 0),
(69, '2018-01-04 09:14:07', '91.225.165.165', 'admin@smarto.com', 'Mozilla/5.0 (Windows NT 10.0; Win64; x64) AppleWebKit/537.36 (KHTML, like Gecko) Chrome/63.0.3239.84 Safari/537.36', 0),
(70, '2018-01-04 09:14:21', '91.225.165.165', 'admin@smarto.com', 'Mozilla/5.0 (Windows NT 10.0; Win64; x64) AppleWebKit/537.36 (KHTML, like Gecko) Chrome/63.0.3239.84 Safari/537.36', 0),
(71, '2018-01-04 09:44:13', '91.225.165.165', 'test@smarto.com', 'Mozilla/5.0 (Windows NT 10.0; Win64; x64) AppleWebKit/537.36 (KHTML, like Gecko) Chrome/63.0.3239.84 Safari/537.36', 1),
(72, '2018-01-04 09:44:58', '91.225.165.165', 'test@smarto.com', 'Mozilla/5.0 (Windows NT 10.0; Win64; x64) AppleWebKit/537.36 (KHTML, like Gecko) Chrome/63.0.3239.84 Safari/537.36', 1),
(73, '2018-01-04 09:45:08', '91.225.165.165', 'test@smarto.com', 'Mozilla/5.0 (Windows NT 10.0; Win64; x64) AppleWebKit/537.36 (KHTML, like Gecko) Chrome/63.0.3239.84 Safari/537.36', 1),
(74, '2018-01-04 09:45:11', '91.225.165.165', 'test@smarto.com', 'Mozilla/5.0 (Windows NT 10.0; Win64; x64) AppleWebKit/537.36 (KHTML, like Gecko) Chrome/63.0.3239.84 Safari/537.36', 0),
(75, '2018-01-04 09:45:57', '91.225.165.165', 'test@smarto.com', 'Mozilla/5.0 (Windows NT 10.0; Win64; x64) AppleWebKit/537.36 (KHTML, like Gecko) Chrome/63.0.3239.84 Safari/537.36', 1),
(76, '2018-01-04 09:46:39', '91.225.165.165', 'test@smarto.com', 'Mozilla/5.0 (Windows NT 10.0; Win64; x64) AppleWebKit/537.36 (KHTML, like Gecko) Chrome/63.0.3239.84 Safari/537.36', 1),
(77, '2018-01-04 09:46:47', '91.225.165.165', 'test@smarto.com', 'Mozilla/5.0 (Windows NT 10.0; Win64; x64) AppleWebKit/537.36 (KHTML, like Gecko) Chrome/63.0.3239.84 Safari/537.36', 1),
(78, '2018-01-04 09:47:10', '91.225.165.165', 'test@smarto.com', 'Mozilla/5.0 (Windows NT 10.0; Win64; x64) AppleWebKit/537.36 (KHTML, like Gecko) Chrome/63.0.3239.84 Safari/537.36', 0),
(79, '2018-01-04 09:47:41', '91.225.165.165', 'test@test.ua', 'Mozilla/5.0 (Windows NT 10.0; Win64; x64) AppleWebKit/537.36 (KHTML, like Gecko) Chrome/63.0.3239.84 Safari/537.36', 1),
(80, '2018-01-04 09:47:50', '91.225.165.165', 'test@test.ua', 'Mozilla/5.0 (Windows NT 10.0; Win64; x64) AppleWebKit/537.36 (KHTML, like Gecko) Chrome/63.0.3239.84 Safari/537.36', 1),
(81, '2018-01-04 09:48:02', '91.225.165.165', 'test@test.ua', 'Mozilla/5.0 (Windows NT 10.0; Win64; x64) AppleWebKit/537.36 (KHTML, like Gecko) Chrome/63.0.3239.84 Safari/537.36', 1),
(82, '2018-01-04 09:48:18', '91.225.165.165', 'test@smarto.com', 'Mozilla/5.0 (Windows NT 10.0; Win64; x64) AppleWebKit/537.36 (KHTML, like Gecko) Chrome/63.0.3239.84 Safari/537.36', 0),
(83, '2018-01-04 09:48:34', '91.225.165.165', 'test@smarto.com', 'Mozilla/5.0 (Windows NT 10.0; Win64; x64) AppleWebKit/537.36 (KHTML, like Gecko) Chrome/63.0.3239.84 Safari/537.36', 0),
(84, '2018-01-04 09:52:34', '91.225.165.165', 'test2@smarto.com', 'Mozilla/5.0 (Windows NT 10.0; Win64; x64) AppleWebKit/537.36 (KHTML, like Gecko) Chrome/63.0.3239.84 Safari/537.36', 0),
(85, '2018-01-04 13:47:02', '91.225.165.165', 'test@smarto.com', 'Mozilla/5.0 (Windows NT 10.0; Win64; x64) AppleWebKit/537.36 (KHTML, like Gecko) Chrome/63.0.3239.84 Safari/537.36', 0),
(86, '2018-01-04 13:47:16', '91.225.165.165', 'admin@smarto.com', 'Mozilla/5.0 (Windows NT 10.0; Win64; x64) AppleWebKit/537.36 (KHTML, like Gecko) Chrome/63.0.3239.84 Safari/537.36', 0),
(87, '2018-01-04 13:48:21', '91.225.165.165', 'test@smarto.com', 'Mozilla/5.0 (Windows NT 10.0; Win64; x64) AppleWebKit/537.36 (KHTML, like Gecko) Chrome/63.0.3239.84 Safari/537.36', 0),
(88, '2018-01-04 13:48:33', '91.225.165.165', 'test@smarto.com', 'Mozilla/5.0 (Windows NT 10.0; Win64; x64) AppleWebKit/537.36 (KHTML, like Gecko) Chrome/63.0.3239.84 Safari/537.36', 0),
(89, '2018-01-04 13:48:55', '91.225.165.165', 'test@smarto.com', 'Mozilla/5.0 (Windows NT 10.0; Win64; x64) AppleWebKit/537.36 (KHTML, like Gecko) Chrome/63.0.3239.84 Safari/537.36', 0),
(90, '2018-01-05 08:17:25', '91.225.165.165', 'admin@smarto.com', 'Mozilla/5.0 (Windows NT 10.0; Win64; x64) AppleWebKit/537.36 (KHTML, like Gecko) Chrome/63.0.3239.84 Safari/537.36', 0),
(91, '2018-01-05 11:26:28', '91.225.165.165', 'admin@smarto.com', 'Mozilla/5.0 (Windows NT 10.0; Win64; x64) AppleWebKit/537.36 (KHTML, like Gecko) Chrome/63.0.3239.84 Safari/537.36', 0),
(92, '2018-01-05 13:51:45', '91.225.165.165', 'vitaliyzell@gmail.com', 'Mozilla/5.0 (Windows NT 10.0; Win64; x64) AppleWebKit/537.36 (KHTML, like Gecko) Chrome/63.0.3239.84 Safari/537.36', 0),
(93, '2018-01-05 13:51:53', '91.225.165.165', 'vitaliyzell@gmail.com', 'Mozilla/5.0 (Windows NT 10.0; Win64; x64) AppleWebKit/537.36 (KHTML, like Gecko) Chrome/63.0.3239.84 Safari/537.36', 1),
(94, '2018-01-05 13:58:46', '91.225.165.165', 'vitaliyzell@gmail.com', 'Mozilla/5.0 (Windows NT 10.0; Win64; x64) AppleWebKit/537.36 (KHTML, like Gecko) Chrome/63.0.3239.84 Safari/537.36', 0),
(95, '2018-01-09 08:20:44', '91.225.165.165', 'vitaliyzell@gmail.com', 'Mozilla/5.0 (Windows NT 10.0; Win64; x64) AppleWebKit/537.36 (KHTML, like Gecko) Chrome/63.0.3239.84 Safari/537.36', 1),
(96, '2018-01-09 08:20:49', '91.225.165.165', 'vitaliyzell@gmail.com', 'Mozilla/5.0 (Windows NT 10.0; Win64; x64) AppleWebKit/537.36 (KHTML, like Gecko) Chrome/63.0.3239.84 Safari/537.36', 1),
(97, '2018-01-09 08:21:00', '91.225.165.165', 'admin@smarto.com', 'Mozilla/5.0 (Windows NT 10.0; Win64; x64) AppleWebKit/537.36 (KHTML, like Gecko) Chrome/63.0.3239.84 Safari/537.36', 0),
(98, '2018-01-10 08:50:35', '91.225.165.165', 'admin@smarto.com', 'Mozilla/5.0 (Windows NT 10.0; Win64; x64) AppleWebKit/537.36 (KHTML, like Gecko) Chrome/63.0.3239.132 Safari/537.36', 0),
(99, '2018-01-10 12:56:30', '91.225.165.165', 'admin@smarto.com', 'Mozilla/5.0 (Windows NT 10.0; Win64; x64) AppleWebKit/537.36 (KHTML, like Gecko) Chrome/63.0.3239.132 Safari/537.36', 0),
(100, '2018-01-11 08:29:24', '91.225.165.165', 'admin@smarto.com', 'Mozilla/5.0 (Windows NT 10.0; Win64; x64) AppleWebKit/537.36 (KHTML, like Gecko) Chrome/63.0.3239.132 Safari/537.36', 0),
(101, '2018-01-11 09:16:20', '91.225.165.165', 'admin@smarto.com', 'Mozilla/5.0 (Windows NT 10.0; Win64; x64) AppleWebKit/537.36 (KHTML, like Gecko) Chrome/63.0.3239.132 Safari/537.36', 0),
(102, '2018-01-11 09:16:22', '91.225.165.165', 'admin@smarto.com', 'Mozilla/5.0 (Windows NT 10.0; Win64; x64) AppleWebKit/537.36 (KHTML, like Gecko) Chrome/63.0.3239.132 Safari/537.36', 0),
(103, '2018-01-11 14:35:13', '91.225.165.165', 'admin@smarto.com', 'Mozilla/5.0 (Windows NT 10.0; Win64; x64) AppleWebKit/537.36 (KHTML, like Gecko) Chrome/63.0.3239.132 Safari/537.36', 0),
(104, '2018-01-12 08:17:23', '91.225.165.165', 'admin@smarto.com', 'Mozilla/5.0 (Windows NT 10.0; Win64; x64) AppleWebKit/537.36 (KHTML, like Gecko) Chrome/63.0.3239.132 Safari/537.36', 0),
(105, '2018-01-12 10:10:27', '91.225.165.165', 'admin@smarto.com', 'Mozilla/5.0 (Windows NT 10.0; Win64; x64) AppleWebKit/537.36 (KHTML, like Gecko) Chrome/63.0.3239.132 Safari/537.36', 0),
(106, '2018-01-12 12:30:27', '91.225.165.165', 'info@smartorange.com.ua', 'Mozilla/5.0 (Macintosh; Intel Mac OS X 10_13_2) AppleWebKit/604.4.7 (KHTML, like Gecko) Version/11.0.2 Safari/604.4.7', 1),
(107, '2018-01-12 12:30:59', '91.225.165.165', 'info@smartorange.com.ua', 'Mozilla/5.0 (Macintosh; Intel Mac OS X 10_13_2) AppleWebKit/604.4.7 (KHTML, like Gecko) Version/11.0.2 Safari/604.4.7', 1),
(108, '2018-01-12 12:31:01', '91.225.165.165', 'info@smartorange.com.ua', 'Mozilla/5.0 (Macintosh; Intel Mac OS X 10_13_2) AppleWebKit/604.4.7 (KHTML, like Gecko) Version/11.0.2 Safari/604.4.7', 1),
(109, '2018-01-12 12:31:06', '91.225.165.165', 'info@smarto.com.ua', 'Mozilla/5.0 (Macintosh; Intel Mac OS X 10_13_2) AppleWebKit/604.4.7 (KHTML, like Gecko) Version/11.0.2 Safari/604.4.7', 1),
(110, '2018-01-12 12:31:31', '91.225.165.165', 'test@smarto.com', 'Mozilla/5.0 (Windows NT 10.0; Win64; x64) AppleWebKit/537.36 (KHTML, like Gecko) Chrome/63.0.3239.132 Safari/537.36', 0),
(111, '2018-01-12 12:31:51', '91.225.165.165', 'admin@smarto.com', 'Mozilla/5.0 (Windows NT 10.0; Win64; x64) AppleWebKit/537.36 (KHTML, like Gecko) Chrome/63.0.3239.132 Safari/537.36', 0),
(112, '2018-01-12 12:33:15', '91.225.165.165', 'test@smarto.com', 'Mozilla/5.0 (Windows NT 10.0; Win64; x64) AppleWebKit/537.36 (KHTML, like Gecko) Chrome/63.0.3239.132 Safari/537.36', 0),
(113, '2018-01-12 12:34:29', '91.225.165.165', 'test@smarto.com', 'Mozilla/5.0 (Macintosh; Intel Mac OS X 10_13_2) AppleWebKit/604.4.7 (KHTML, like Gecko) Version/11.0.2 Safari/604.4.7', 0),
(114, '2018-01-12 13:18:18', '91.225.165.165', 'test@smarto.com', 'Mozilla/5.0 (Macintosh; Intel Mac OS X 10_13_2) AppleWebKit/604.4.7 (KHTML, like Gecko) Version/11.0.2 Safari/604.4.7', 0),
(115, '2018-01-12 13:43:13', '91.225.165.165', 'test@smarto.com', 'Mozilla/5.0 (Macintosh; Intel Mac OS X 10_13_2) AppleWebKit/537.36 (KHTML, like Gecko) Chrome/63.0.3239.132 Safari/537.36', 0),
(116, '2018-01-12 14:44:32', '91.225.165.165', 'admin@smarto.com', 'Mozilla/5.0 (Windows NT 10.0; Win64; x64) AppleWebKit/537.36 (KHTML, like Gecko) Chrome/63.0.3239.132 Safari/537.36', 0),
(117, '2018-01-12 17:03:28', '46.164.130.143', 'test@smarto.com', 'Mozilla/5.0 (Macintosh; Intel Mac OS X 10_13_2) AppleWebKit/604.4.7 (KHTML, like Gecko) Version/11.0.2 Safari/604.4.7', 0),
(118, '2018-01-15 08:22:30', '91.225.165.165', 'admin@smarto.com', 'Mozilla/5.0 (Windows NT 10.0; Win64; x64) AppleWebKit/537.36 (KHTML, like Gecko) Chrome/63.0.3239.132 Safari/537.36', 0),
(119, '2018-01-15 13:55:41', '91.225.165.165', 'admin@smarto.com', 'Mozilla/5.0 (Windows NT 10.0; Win64; x64) AppleWebKit/537.36 (KHTML, like Gecko) Chrome/63.0.3239.132 Safari/537.36', 1),
(120, '2018-01-15 13:55:55', '91.225.165.165', 'admin@smarto.com', 'Mozilla/5.0 (Windows NT 10.0; Win64; x64) AppleWebKit/537.36 (KHTML, like Gecko) Chrome/63.0.3239.132 Safari/537.36', 0),
(121, '2018-01-16 08:11:38', '91.225.165.165', 'admin@smarto.com', 'Mozilla/5.0 (Windows NT 10.0; Win64; x64) AppleWebKit/537.36 (KHTML, like Gecko) Chrome/63.0.3239.132 Safari/537.36', 0),
(122, '2018-01-17 08:17:00', '91.225.165.165', 'admin@smarto.com', 'Mozilla/5.0 (Windows NT 10.0; Win64; x64) AppleWebKit/537.36 (KHTML, like Gecko) Chrome/63.0.3239.132 Safari/537.36', 0),
(123, '2018-01-17 14:32:34', '91.225.165.165', 'vitaliyzell@gmail.com', 'Mozilla/5.0 (Windows NT 10.0; Win64; x64) AppleWebKit/537.36 (KHTML, like Gecko) Chrome/63.0.3239.132 Safari/537.36', 0),
(124, '2018-01-17 14:37:03', '91.225.165.165', 'admin@smarto.com', 'Mozilla/5.0 (Windows NT 10.0; Win64; x64) AppleWebKit/537.36 (KHTML, like Gecko) Chrome/63.0.3239.132 Safari/537.36', 1),
(125, '2018-01-17 14:37:09', '91.225.165.165', 'admin@smarto.com', 'Mozilla/5.0 (Windows NT 10.0; Win64; x64) AppleWebKit/537.36 (KHTML, like Gecko) Chrome/63.0.3239.132 Safari/537.36', 0),
(126, '2018-01-17 15:51:30', '91.225.165.165', 'vitaliyzell@gmail.com', 'Mozilla/5.0 (Windows NT 10.0; Win64; x64; rv:57.0) Gecko/20100101 Firefox/57.0', 0),
(127, '2018-01-18 09:12:41', '91.225.165.165', 'admin@smarto.com', 'Mozilla/5.0 (Windows NT 10.0; Win64; x64) AppleWebKit/537.36 (KHTML, like Gecko) Chrome/63.0.3239.132 Safari/537.36', 0),
(128, '2018-01-18 10:02:46', '91.225.165.165', 'vitaliyzell@gmail.com', 'Mozilla/5.0 (Windows NT 10.0; Win64; x64) AppleWebKit/537.36 (KHTML, like Gecko) Chrome/63.0.3239.132 Safari/537.36', 0),
(129, '2018-01-18 10:30:59', '91.225.165.165', 'admin@smarto.com', 'Mozilla/5.0 (Windows NT 10.0; Win64; x64; rv:57.0) Gecko/20100101 Firefox/57.0', 0),
(130, '2018-01-18 10:36:13', '91.225.165.165', 'vitaliyzell@gmail.com', 'Mozilla/5.0 (Windows NT 10.0; Win64; x64; rv:57.0) Gecko/20100101 Firefox/57.0', 0),
(131, '2018-01-18 10:54:20', '91.225.165.165', 'vitaliyzell@gmail.com', 'Mozilla/5.0 (Windows NT 10.0; Win64; x64; rv:57.0) Gecko/20100101 Firefox/57.0', 0),
(132, '2018-01-18 11:02:40', '91.225.165.165', 'vitaliyzell@gmail.com', 'Mozilla/5.0 (Windows NT 10.0; Win64; x64) AppleWebKit/537.36 (KHTML, like Gecko) Chrome/63.0.3239.132 Safari/537.36', 0),
(133, '2018-01-18 12:44:33', '91.225.165.165', 'vitaliyzell@gmail.com', 'Mozilla/5.0 (Windows NT 10.0; Win64; x64) AppleWebKit/537.36 (KHTML, like Gecko) Chrome/63.0.3239.132 Safari/537.36', 0),
(134, '2018-01-18 13:35:43', '91.225.165.165', 'vitaliyzell@gmail.com', 'Mozilla/5.0 (Windows NT 10.0; Win64; x64) AppleWebKit/537.36 (KHTML, like Gecko) Chrome/63.0.3239.132 Safari/537.36', 0),
(135, '2018-01-18 15:22:47', '91.225.165.165', 'adminadmin@smarto.com', 'Mozilla/5.0 (Windows NT 10.0; Win64; x64) AppleWebKit/537.36 (KHTML, like Gecko) Chrome/63.0.3239.132 Safari/537.36', 1),
(136, '2018-01-18 15:22:55', '91.225.165.165', 'adminadmin@smarto.com', 'Mozilla/5.0 (Windows NT 10.0; Win64; x64) AppleWebKit/537.36 (KHTML, like Gecko) Chrome/63.0.3239.132 Safari/537.36', 1),
(137, '2018-01-18 15:23:03', '91.225.165.165', 'admin@smarto.com', 'Mozilla/5.0 (Windows NT 10.0; Win64; x64) AppleWebKit/537.36 (KHTML, like Gecko) Chrome/63.0.3239.132 Safari/537.36', 0),
(138, '2018-01-19 08:51:29', '91.225.165.165', 'admin@smarto.com', 'Mozilla/5.0 (Windows NT 10.0; Win64; x64) AppleWebKit/537.36 (KHTML, like Gecko) Chrome/63.0.3239.132 Safari/537.36', 1),
(139, '2018-01-19 08:51:41', '91.225.165.165', 'vitaliyzell@gmail.com', 'Mozilla/5.0 (Windows NT 10.0; Win64; x64) AppleWebKit/537.36 (KHTML, like Gecko) Chrome/63.0.3239.132 Safari/537.36', 1),
(140, '2018-01-19 08:51:46', '91.225.165.165', 'admin@smarto.com', 'Mozilla/5.0 (Windows NT 10.0; Win64; x64) AppleWebKit/537.36 (KHTML, like Gecko) Chrome/63.0.3239.132 Safari/537.36', 0),
(141, '2018-01-19 08:52:22', '91.225.165.165', 'vitaliyzell@gmail.com', 'Mozilla/5.0 (Windows NT 10.0; Win64; x64) AppleWebKit/537.36 (KHTML, like Gecko) Chrome/63.0.3239.132 Safari/537.36', 0),
(142, '2018-01-19 12:55:47', '91.225.165.165', 'aadmin@smarto.com', 'Mozilla/5.0 (Windows NT 10.0; Win64; x64) AppleWebKit/537.36 (KHTML, like Gecko) Chrome/63.0.3239.132 Safari/537.36', 1),
(143, '2018-01-19 12:55:48', '91.225.165.165', 'aadmin@smarto.com', 'Mozilla/5.0 (Windows NT 10.0; Win64; x64) AppleWebKit/537.36 (KHTML, like Gecko) Chrome/63.0.3239.132 Safari/537.36', 1),
(144, '2018-01-19 12:56:07', '91.225.165.165', '0', 'Mozilla/5.0 (Windows NT 10.0; Win64; x64) AppleWebKit/537.36 (KHTML, like Gecko) Chrome/63.0.3239.132 Safari/537.36', 0),
(145, '2018-01-19 14:12:42', '91.225.165.165', '0', 'Mozilla/5.0 (Windows NT 10.0; Win64; x64) AppleWebKit/537.36 (KHTML, like Gecko) Chrome/63.0.3239.132 Safari/537.36', 1),
(146, '2018-01-19 14:12:49', '91.225.165.165', '0', 'Mozilla/5.0 (Windows NT 10.0; Win64; x64) AppleWebKit/537.36 (KHTML, like Gecko) Chrome/63.0.3239.132 Safari/537.36', 1),
(147, '2018-01-19 14:13:04', '91.225.165.165', '0', 'Mozilla/5.0 (Windows NT 10.0; Win64; x64) AppleWebKit/537.36 (KHTML, like Gecko) Chrome/63.0.3239.132 Safari/537.36', 1),
(148, '2018-01-19 14:14:58', '91.225.165.165', '0', 'Mozilla/5.0 (Windows NT 10.0; Win64; x64) AppleWebKit/537.36 (KHTML, like Gecko) Chrome/63.0.3239.132 Safari/537.36', 1),
(149, '2018-01-19 14:15:14', '91.225.165.165', 'vitaliyzell@gmail.com', 'Mozilla/5.0 (Windows NT 10.0; Win64; x64) AppleWebKit/537.36 (KHTML, like Gecko) Chrome/63.0.3239.132 Safari/537.36', 0),
(150, '2018-01-19 14:15:28', '91.225.165.165', '0', 'Mozilla/5.0 (Windows NT 10.0; Win64; x64) AppleWebKit/537.36 (KHTML, like Gecko) Chrome/63.0.3239.132 Safari/537.36', 1),
(151, '2018-01-19 14:15:53', '91.225.165.165', '0', 'Mozilla/5.0 (Windows NT 10.0; Win64; x64) AppleWebKit/537.36 (KHTML, like Gecko) Chrome/63.0.3239.132 Safari/537.36', 1),
(152, '2018-01-19 14:21:43', '91.225.165.165', '0', 'Mozilla/5.0 (Windows NT 10.0; Win64; x64) AppleWebKit/537.36 (KHTML, like Gecko) Chrome/63.0.3239.132 Safari/537.36', 1),
(153, '2018-01-19 14:23:17', '91.225.165.165', '0', 'Mozilla/5.0 (Windows NT 10.0; Win64; x64) AppleWebKit/537.36 (KHTML, like Gecko) Chrome/63.0.3239.132 Safari/537.36', 1),
(154, '2018-01-19 14:24:19', '91.225.165.165', '0', 'Mozilla/5.0 (Windows NT 10.0; Win64; x64) AppleWebKit/537.36 (KHTML, like Gecko) Chrome/63.0.3239.132 Safari/537.36', 1),
(155, '2018-01-19 14:25:06', '91.225.165.165', '0', 'Mozilla/5.0 (Windows NT 10.0; Win64; x64) AppleWebKit/537.36 (KHTML, like Gecko) Chrome/63.0.3239.132 Safari/537.36', 1),
(156, '2018-01-19 14:26:21', '91.225.165.165', '0', 'Mozilla/5.0 (Windows NT 10.0; Win64; x64) AppleWebKit/537.36 (KHTML, like Gecko) Chrome/63.0.3239.132 Safari/537.36', 1),
(157, '2018-01-19 14:27:07', '91.225.165.165', '0', 'Mozilla/5.0 (Windows NT 10.0; Win64; x64) AppleWebKit/537.36 (KHTML, like Gecko) Chrome/63.0.3239.132 Safari/537.36', 1),
(158, '2018-01-19 14:28:00', '91.225.165.165', '0', 'Mozilla/5.0 (Windows NT 10.0; Win64; x64) AppleWebKit/537.36 (KHTML, like Gecko) Chrome/63.0.3239.132 Safari/537.36', 1),
(159, '2018-01-19 14:28:14', '91.225.165.165', '0', 'Mozilla/5.0 (Windows NT 10.0; Win64; x64) AppleWebKit/537.36 (KHTML, like Gecko) Chrome/63.0.3239.132 Safari/537.36', 1),
(160, '2018-01-19 14:28:29', '91.225.165.165', '0', 'Mozilla/5.0 (Windows NT 10.0; Win64; x64) AppleWebKit/537.36 (KHTML, like Gecko) Chrome/63.0.3239.132 Safari/537.36', 1),
(161, '2018-01-19 14:28:33', '91.225.165.165', '0', 'Mozilla/5.0 (Windows NT 10.0; Win64; x64) AppleWebKit/537.36 (KHTML, like Gecko) Chrome/63.0.3239.132 Safari/537.36', 1),
(162, '2018-01-19 14:28:38', '91.225.165.165', '0', 'Mozilla/5.0 (Windows NT 10.0; Win64; x64) AppleWebKit/537.36 (KHTML, like Gecko) Chrome/63.0.3239.132 Safari/537.36', 1),
(163, '2018-01-19 14:29:58', '91.225.165.165', '0', 'Mozilla/5.0 (Windows NT 10.0; Win64; x64) AppleWebKit/537.36 (KHTML, like Gecko) Chrome/63.0.3239.132 Safari/537.36', 1),
(164, '2018-01-19 14:30:03', '91.225.165.165', '0', 'Mozilla/5.0 (Windows NT 10.0; Win64; x64) AppleWebKit/537.36 (KHTML, like Gecko) Chrome/63.0.3239.132 Safari/537.36', 1),
(165, '2018-01-19 14:30:30', '91.225.165.165', '0', 'Mozilla/5.0 (Windows NT 10.0; Win64; x64) AppleWebKit/537.36 (KHTML, like Gecko) Chrome/63.0.3239.132 Safari/537.36', 1),
(166, '2018-01-19 14:31:32', '91.225.165.165', '0', 'Mozilla/5.0 (Windows NT 10.0; Win64; x64) AppleWebKit/537.36 (KHTML, like Gecko) Chrome/63.0.3239.132 Safari/537.36', 1),
(167, '2018-01-19 14:34:33', '91.225.165.165', '0', 'Mozilla/5.0 (Windows NT 10.0; Win64; x64) AppleWebKit/537.36 (KHTML, like Gecko) Chrome/63.0.3239.132 Safari/537.36', 1),
(168, '2018-01-19 14:35:30', '91.225.165.165', 'vitaliyzell@gmail.com', 'Mozilla/5.0 (Windows NT 10.0; Win64; x64) AppleWebKit/537.36 (KHTML, like Gecko) Chrome/63.0.3239.132 Safari/537.36', 1),
(169, '2018-01-19 14:35:48', '91.225.165.165', 'vitaliyzell@gmail.com', 'Mozilla/5.0 (Windows NT 10.0; Win64; x64) AppleWebKit/537.36 (KHTML, like Gecko) Chrome/63.0.3239.132 Safari/537.36', 1),
(170, '2018-01-22 09:17:27', '91.225.165.165', 'admin@smarto.com', 'Mozilla/5.0 (Windows NT 10.0; Win64; x64) AppleWebKit/537.36 (KHTML, like Gecko) Chrome/63.0.3239.132 Safari/537.36', 1),
(171, '2018-01-22 09:27:34', '91.225.165.165', 'admin@smarto.com', 'Mozilla/5.0 (Windows NT 10.0; Win64; x64) AppleWebKit/537.36 (KHTML, like Gecko) Chrome/63.0.3239.132 Safari/537.36', 1),
(172, '2018-01-22 09:33:21', '91.225.165.165', 'vitaliyzell@gmail.com', 'Mozilla/5.0 (Windows NT 10.0; Win64; x64) AppleWebKit/537.36 (KHTML, like Gecko) Chrome/63.0.3239.132 Safari/537.36', 1),
(173, '2018-01-22 09:50:07', '91.225.165.165', 'admin@smarto.com', 'Mozilla/5.0 (Windows NT 10.0; Win64; x64) AppleWebKit/537.36 (KHTML, like Gecko) Chrome/63.0.3239.132 Safari/537.36', 1),
(174, '2018-01-22 10:56:34', '91.225.165.165', 'admin@smarto.com', 'Mozilla/5.0 (Windows NT 10.0; Win64; x64) AppleWebKit/537.36 (KHTML, like Gecko) Chrome/63.0.3239.132 Safari/537.36', 1),
(175, '2018-01-22 11:18:27', '91.225.165.165', 'vitaliyzell@gmail.com', 'Mozilla/5.0 (Windows NT 10.0; Win64; x64) AppleWebKit/537.36 (KHTML, like Gecko) Chrome/63.0.3239.132 Safari/537.36', 1),
(176, '2018-01-22 11:26:44', '91.225.165.165', 'vitaliyzell@gmail.com', 'Mozilla/5.0 (Windows NT 10.0; Win64; x64) AppleWebKit/537.36 (KHTML, like Gecko) Chrome/63.0.3239.132 Safari/537.36', 1),
(177, '2018-01-22 11:33:29', '91.225.165.165', 'vitaliyzell@gmail.com', 'Mozilla/5.0 (Windows NT 10.0; Win64; x64) AppleWebKit/537.36 (KHTML, like Gecko) Chrome/63.0.3239.132 Safari/537.36', 1),
(178, '2018-01-22 11:41:08', '91.225.165.165', 'vitaliyzell@gmail.com', 'Mozilla/5.0 (Windows NT 10.0; Win64; x64) AppleWebKit/537.36 (KHTML, like Gecko) Chrome/63.0.3239.132 Safari/537.36', 1),
(179, '2018-01-22 11:41:35', '91.225.165.165', 'vitaliyzell@gmail.com', 'Mozilla/5.0 (Windows NT 10.0; Win64; x64) AppleWebKit/537.36 (KHTML, like Gecko) Chrome/63.0.3239.132 Safari/537.36', 0),
(180, '2018-01-22 11:43:52', '91.225.165.165', 'vitaliyzell@gmail.com', 'Mozilla/5.0 (Windows NT 10.0; Win64; x64) AppleWebKit/537.36 (KHTML, like Gecko) Chrome/63.0.3239.132 Safari/537.36', 1),
(181, '2018-01-22 12:43:18', '91.225.165.165', 'admin@smarto.com', 'Mozilla/5.0 (Windows NT 10.0; Win64; x64) AppleWebKit/537.36 (KHTML, like Gecko) Chrome/63.0.3239.132 Safari/537.36', 1),
(182, '2018-01-22 13:07:46', '91.225.165.165', 'vitaliyzell@gmail.com', 'Mozilla/5.0 (Windows NT 10.0; Win64; x64) AppleWebKit/537.36 (KHTML, like Gecko) Chrome/63.0.3239.132 Safari/537.36', 1),
(183, '2018-01-23 08:56:53', '91.225.165.165', 'admin@smarto.com', 'Mozilla/5.0 (Windows NT 10.0; Win64; x64) AppleWebKit/537.36 (KHTML, like Gecko) Chrome/63.0.3239.132 Safari/537.36', 1),
(184, '2018-01-23 09:50:05', '91.225.165.165', 'admin@smarto.com', 'Mozilla/5.0 (Windows NT 10.0; Win64; x64) AppleWebKit/537.36 (KHTML, like Gecko) Chrome/63.0.3239.132 Safari/537.36', 1),
(185, '2018-01-23 11:44:42', '91.225.165.165', 'vitaliyzell@gmail.com', 'Mozilla/5.0 (Windows NT 10.0; Win64; x64) AppleWebKit/537.36 (KHTML, like Gecko) Chrome/63.0.3239.132 Safari/537.36', 1),
(186, '2018-01-23 13:37:48', '91.225.165.165', 'admin@online.ua', 'Mozilla/5.0 (Windows NT 10.0; Win64; x64) AppleWebKit/537.36 (KHTML, like Gecko) Chrome/63.0.3239.132 Safari/537.36', 1),
(187, '2018-01-23 13:38:02', '91.225.165.165', 'admin@smarto.com', 'Mozilla/5.0 (Windows NT 10.0; Win64; x64) AppleWebKit/537.36 (KHTML, like Gecko) Chrome/63.0.3239.132 Safari/537.36', 1),
(188, '2018-01-23 14:52:42', '91.225.165.165', 'admin@smarto.com', 'Mozilla/5.0 (Windows NT 10.0; Win64; x64) AppleWebKit/537.36 (KHTML, like Gecko) Chrome/63.0.3239.132 Safari/537.36', 1),
(189, '2018-01-23 14:53:08', '91.225.165.165', 'vitaliyzell@gmail.com', 'Mozilla/5.0 (Windows NT 10.0; Win64; x64) AppleWebKit/537.36 (KHTML, like Gecko) Chrome/63.0.3239.132 Safari/537.36', 1),
(190, '2018-01-23 15:32:38', '91.225.165.165', 'vitaliyzell@gmail.com', 'Mozilla/5.0 (Windows NT 10.0; Win64; x64) AppleWebKit/537.36 (KHTML, like Gecko) Chrome/63.0.3239.132 Safari/537.36', 1),
(191, '2018-01-23 15:33:43', '91.225.165.165', 'vitaliyzell@gmail.com', 'Mozilla/5.0 (Windows NT 10.0; Win64; x64) AppleWebKit/537.36 (KHTML, like Gecko) Chrome/63.0.3239.132 Safari/537.36', 1),
(192, '2018-01-24 08:44:49', '91.225.165.165', 'admin@smarto.com', 'Mozilla/5.0 (Windows NT 10.0; Win64; x64) AppleWebKit/537.36 (KHTML, like Gecko) Chrome/63.0.3239.132 Safari/537.36', 1),
(193, '2018-01-24 09:24:42', '91.225.165.165', 'vitaliyzell@gmail.com', 'Mozilla/5.0 (Windows NT 10.0; Win64; x64) AppleWebKit/537.36 (KHTML, like Gecko) Chrome/63.0.3239.132 Safari/537.36', 1),
(194, '2018-01-24 11:15:04', '91.225.165.165', 'admin@smarto.com', 'Mozilla/5.0 (Windows NT 10.0; Win64; x64) AppleWebKit/537.36 (KHTML, like Gecko) Chrome/63.0.3239.132 Safari/537.36', 1),
(195, '2018-01-24 15:36:30', '91.225.165.165', 'admin@smarto.com', 'Mozilla/5.0 (Windows NT 10.0; Win64; x64) AppleWebKit/537.36 (KHTML, like Gecko) Chrome/63.0.3239.132 Safari/537.36', 1),
(196, '2018-01-24 15:52:48', '91.225.165.165', 'admin@smarto.com', 'Mozilla/5.0 (Windows NT 10.0; Win64; x64) AppleWebKit/537.36 (KHTML, like Gecko) Chrome/63.0.3239.132 Safari/537.36', 1),
(197, '2018-01-24 15:53:08', '91.225.165.165', 'vitaliyzell@gmail.com', 'Mozilla/5.0 (Windows NT 10.0; Win64; x64) AppleWebKit/537.36 (KHTML, like Gecko) Chrome/63.0.3239.132 Safari/537.36', 1),
(198, '2018-01-25 08:40:51', '91.225.165.165', 'admin@smarto.com', 'Mozilla/5.0 (Windows NT 10.0; Win64; x64) AppleWebKit/537.36 (KHTML, like Gecko) Chrome/63.0.3239.132 Safari/537.36', 1),
(199, '2018-01-25 08:41:03', '91.225.165.165', 'vitaliyzell@gmail.com', 'Mozilla/5.0 (Windows NT 10.0; Win64; x64) AppleWebKit/537.36 (KHTML, like Gecko) Chrome/63.0.3239.132 Safari/537.36', 1),
(200, '2018-01-25 08:41:08', '91.225.165.165', 'vitaliyzell@gmail.com', 'Mozilla/5.0 (Windows NT 10.0; Win64; x64) AppleWebKit/537.36 (KHTML, like Gecko) Chrome/63.0.3239.132 Safari/537.36', 1),
(201, '2018-01-25 09:17:29', '91.225.165.165', 'vitaliyzell@gmail.com', 'Mozilla/5.0 (Windows NT 10.0; Win64; x64) AppleWebKit/537.36 (KHTML, like Gecko) Chrome/63.0.3239.132 Safari/537.36', 1),
(202, '2018-01-25 11:21:24', '91.225.165.165', 'vitaliyzell@gmail.com', 'Mozilla/5.0 (Windows NT 10.0; Win64; x64) AppleWebKit/537.36 (KHTML, like Gecko) Chrome/63.0.3239.132 Safari/537.36', 1),
(203, '2018-01-25 14:39:18', '91.225.165.165', 'admin@smarto.com', 'Mozilla/5.0 (Windows NT 10.0; Win64; x64) AppleWebKit/537.36 (KHTML, like Gecko) Chrome/63.0.3239.132 Safari/537.36', 1),
(204, '2018-01-25 14:39:25', '91.225.165.165', 'admin@smarto.com', 'Mozilla/5.0 (Windows NT 10.0; Win64; x64) AppleWebKit/537.36 (KHTML, like Gecko) Chrome/63.0.3239.132 Safari/537.36', 1),
(205, '2018-01-26 15:01:43', '91.225.165.165', 'admin@smarto.com', 'Mozilla/5.0 (Windows NT 10.0; Win64; x64) AppleWebKit/537.36 (KHTML, like Gecko) Chrome/63.0.3239.132 Safari/537.36', 1),
(206, '2018-01-29 11:50:50', '31.40.110.60', 'admin@smarto.com', 'Mozilla/5.0 (Windows NT 6.1; Win64; x64) AppleWebKit/537.36 (KHTML, like Gecko) Chrome/63.0.3239.132 Safari/537.36 OPR/50.0.2762.67', 1),
(207, '2018-01-29 15:50:15', '31.40.110.60', 'admin@smarto.com', 'Mozilla/5.0 (Windows NT 6.1; Win64; x64) AppleWebKit/537.36 (KHTML, like Gecko) Chrome/63.0.3239.132 Safari/537.36 OPR/50.0.2762.67', 1),
(208, '2018-01-29 15:50:17', '31.40.110.60', 'admin@smarto.com', 'Mozilla/5.0 (Windows NT 6.1; Win64; x64) AppleWebKit/537.36 (KHTML, like Gecko) Chrome/63.0.3239.132 Safari/537.36 OPR/50.0.2762.67', 1),
(209, '2018-01-29 15:50:40', '31.40.110.60', 'admin@smarto.com', 'Mozilla/5.0 (Windows NT 6.1; Win64; x64) AppleWebKit/537.36 (KHTML, like Gecko) Chrome/63.0.3239.132 Safari/537.36 OPR/50.0.2762.67', 1),
(210, '2018-01-30 09:07:49', '31.40.110.60', 'admin@smarto.com.ua', 'Mozilla/5.0 (Windows NT 6.1; Win64; x64) AppleWebKit/537.36 (KHTML, like Gecko) Chrome/63.0.3239.132 Safari/537.36 OPR/50.0.2762.67', 1),
(211, '2018-01-30 09:07:54', '31.40.110.60', 'admin@smarto.com', 'Mozilla/5.0 (Windows NT 6.1; Win64; x64) AppleWebKit/537.36 (KHTML, like Gecko) Chrome/63.0.3239.132 Safari/537.36 OPR/50.0.2762.67', 1),
(212, '2018-01-30 09:56:02', '31.40.110.60', 'admin@smarto.com', 'Mozilla/5.0 (Windows NT 6.1; Win64; x64) AppleWebKit/537.36 (KHTML, like Gecko) Chrome/63.0.3239.132 Safari/537.36 OPR/50.0.2762.67', 1),
(213, '2018-02-01 08:07:20', '31.40.110.60', 'admin@smarto.com', 'Mozilla/5.0 (Windows NT 6.1; Win64; x64) AppleWebKit/537.36 (KHTML, like Gecko) Chrome/63.0.3239.132 Safari/537.36 OPR/50.0.2762.67', 1),
(214, '2018-02-01 08:07:40', '31.40.110.60', 'admin@smarto.com.ua', 'Mozilla/5.0 (Windows NT 6.1; Win64; x64) AppleWebKit/537.36 (KHTML, like Gecko) Chrome/63.0.3239.132 Safari/537.36 OPR/50.0.2762.67', 1),
(215, '2018-02-01 09:28:23', '31.40.110.60', 'admin@smarto.com', 'Mozilla/5.0 (Windows NT 6.1; Win64; x64) AppleWebKit/537.36 (KHTML, like Gecko) Chrome/63.0.3239.132 Safari/537.36 OPR/50.0.2762.67', 1),
(216, '2018-02-01 17:04:14', '194.183.183.46', 'test@smarto.com', 'Mozilla/5.0 (Macintosh; Intel Mac OS X 10_13_2) AppleWebKit/604.4.7 (KHTML, like Gecko) Version/11.0.2 Safari/604.4.7', 0),
(217, '2018-02-01 17:05:21', '194.183.183.46', 'test@smarto.com', 'Mozilla/5.0 (Macintosh; Intel Mac OS X 10_13_2) AppleWebKit/604.4.7 (KHTML, like Gecko) Version/11.0.2 Safari/604.4.7', 1),
(218, '2018-02-02 13:52:26', '31.40.110.60', 'admin@smarto.com', 'Mozilla/5.0 (Windows NT 6.1; Win64; x64) AppleWebKit/537.36 (KHTML, like Gecko) Chrome/63.0.3239.132 Safari/537.36 OPR/50.0.2762.67', 1),
(219, '2018-02-05 09:03:52', '91.225.165.165', 'admin@smarto.com', 'Mozilla/5.0 (Windows NT 10.0; Win64; x64) AppleWebKit/537.36 (KHTML, like Gecko) Chrome/63.0.3239.132 Safari/537.36', 1),
(220, '2018-02-05 14:39:20', '91.225.165.165', 'admin@smarto.com', 'Mozilla/5.0 (Windows NT 10.0; Win64; x64) AppleWebKit/537.36 (KHTML, like Gecko) Chrome/63.0.3239.132 Safari/537.36', 1),
(221, '2018-02-06 09:20:20', '91.225.165.165', 'admin@smarto.com', 'Mozilla/5.0 (Windows NT 10.0; Win64; x64) AppleWebKit/537.36 (KHTML, like Gecko) Chrome/63.0.3239.132 Safari/537.36', 1),
(222, '2018-02-07 08:01:57', '91.225.165.165', 'admin@smarto.com', 'Mozilla/5.0 (Windows NT 10.0; Win64; x64) AppleWebKit/537.36 (KHTML, like Gecko) Chrome/63.0.3239.132 Safari/537.36', 1),
(223, '2018-02-07 08:52:03', '91.225.165.165', 'admin@smarto.com', 'Mozilla/5.0 (Windows NT 10.0; Win64; x64) AppleWebKit/537.36 (KHTML, like Gecko) Chrome/63.0.3239.132 Safari/537.36', 1),
(224, '2018-02-07 11:34:21', '91.225.165.165', 'admin@smarto.com', 'Mozilla/5.0 (Windows NT 10.0; Win64; x64) AppleWebKit/537.36 (KHTML, like Gecko) Chrome/63.0.3239.132 Safari/537.36', 1),
(225, '2018-02-08 09:21:42', '91.225.165.165', 'admin@smarto.com', 'Mozilla/5.0 (Windows NT 10.0; Win64; x64) AppleWebKit/537.36 (KHTML, like Gecko) Chrome/64.0.3282.140 Safari/537.36', 1),
(226, '2018-02-08 10:13:44', '91.225.165.165', 'admin@smarto.com', 'Mozilla/5.0 (Windows NT 10.0; Win64; x64) AppleWebKit/537.36 (KHTML, like Gecko) Chrome/64.0.3282.140 Safari/537.36', 1),
(227, '2018-02-08 12:32:25', '91.225.165.165', 'admin@smarto.com', 'Mozilla/5.0 (Windows NT 10.0; Win64; x64) AppleWebKit/537.36 (KHTML, like Gecko) Chrome/64.0.3282.140 Safari/537.36', 1),
(228, '2018-02-12 09:07:12', '91.225.165.165', 'admin@smarto.com', 'Mozilla/5.0 (Windows NT 10.0; Win64; x64) AppleWebKit/537.36 (KHTML, like Gecko) Chrome/64.0.3282.140 Safari/537.36', 1),
(229, '2018-02-21 12:04:26', '91.225.165.165', 'info@smarto.com.ua', 'Mozilla/5.0 (X11; Linux x86_64) AppleWebKit/537.36 (KHTML, like Gecko) Chrome/58.0.3029.110 Safari/537.36', 1),
(230, '2018-02-21 12:04:30', '91.225.165.165', 'info@smarto.com.ua', 'Mozilla/5.0 (X11; Linux x86_64) AppleWebKit/537.36 (KHTML, like Gecko) Chrome/58.0.3029.110 Safari/537.36', 1),
(231, '2018-02-21 12:04:34', '91.225.165.165', 'info@smarto.com.ua', 'Mozilla/5.0 (X11; Linux x86_64) AppleWebKit/537.36 (KHTML, like Gecko) Chrome/58.0.3029.110 Safari/537.36', 1),
(232, '2018-02-21 12:04:43', '91.225.165.165', 'info@smarto.com.ua', 'Mozilla/5.0 (X11; Linux x86_64) AppleWebKit/537.36 (KHTML, like Gecko) Chrome/58.0.3029.110 Safari/537.36', 1),
(233, '2018-03-13 18:34:16', '91.225.165.165', 'info@smarto.com.ua', 'Mozilla/5.0 (Macintosh; Intel Mac OS X 10_13_3) AppleWebKit/604.5.6 (KHTML, like Gecko) Version/11.0.3 Safari/604.5.6', 1),
(234, '2018-03-13 18:34:17', '91.225.165.165', 'info@smarto.com.ua', 'Mozilla/5.0 (Macintosh; Intel Mac OS X 10_13_3) AppleWebKit/604.5.6 (KHTML, like Gecko) Version/11.0.3 Safari/604.5.6', 1),
(235, '2018-03-13 18:34:54', '91.225.165.165', 'info@smarto.com.ua', 'Mozilla/5.0 (Macintosh; Intel Mac OS X 10_13_3) AppleWebKit/537.36 (KHTML, like Gecko) Chrome/64.0.3282.186 Safari/537.36', 1),
(236, '2018-03-13 18:34:59', '91.225.165.165', 'info@smarto.com.ua', 'Mozilla/5.0 (Macintosh; Intel Mac OS X 10_13_3) AppleWebKit/537.36 (KHTML, like Gecko) Chrome/64.0.3282.186 Safari/537.36', 1),
(237, '2018-03-14 08:19:51', '91.225.165.165', 'vitaliyzell@gmail.com', 'Mozilla/5.0 (Windows NT 10.0; Win64; x64) AppleWebKit/537.36 (KHTML, like Gecko) Chrome/64.0.3282.186 Safari/537.36', 1),
(238, '2018-03-14 08:19:56', '91.225.165.165', 'vitaliyzell@gmail.com', 'Mozilla/5.0 (Windows NT 10.0; Win64; x64) AppleWebKit/537.36 (KHTML, like Gecko) Chrome/64.0.3282.186 Safari/537.36', 1),
(239, '2018-03-14 08:22:21', '91.225.165.165', 'test@smarto.com', 'Mozilla/5.0 (Windows NT 10.0; Win64; x64) AppleWebKit/537.36 (KHTML, like Gecko) Chrome/64.0.3282.186 Safari/537.36', 1),
(240, '2018-03-14 08:28:31', '91.225.165.165', 'admin@smarto.com', 'Mozilla/5.0 (Windows NT 10.0; Win64; x64) AppleWebKit/537.36 (KHTML, like Gecko) Chrome/64.0.3282.186 Safari/537.36', 1),
(241, '2018-03-14 08:47:40', '91.225.165.165', 'admin@smarto.com', 'Mozilla/5.0 (Windows NT 10.0; Win64; x64) AppleWebKit/537.36 (KHTML, like Gecko) Chrome/64.0.3282.186 Safari/537.36', 1),
(242, '2018-03-14 08:50:06', '91.225.165.165', 'admin@smarto.com', 'Mozilla/5.0 (Windows NT 10.0; Win64; x64) AppleWebKit/537.36 (KHTML, like Gecko) Chrome/64.0.3282.186 Safari/537.36', 1),
(243, '2018-03-14 08:51:28', '91.225.165.165', 'admin@smarto.com', 'Mozilla/5.0 (Windows NT 10.0; Win64; x64) AppleWebKit/537.36 (KHTML, like Gecko) Chrome/64.0.3282.186 Safari/537.36', 1),
(244, '2018-03-14 08:51:49', '91.225.165.165', 'admin@smarto.com', 'Mozilla/5.0 (Windows NT 10.0; Win64; x64) AppleWebKit/537.36 (KHTML, like Gecko) Chrome/64.0.3282.186 Safari/537.36', 0),
(245, '2018-03-14 08:53:33', '91.225.165.165', 'admin@smarto.com', 'Mozilla/5.0 (Windows NT 10.0; Win64; x64) AppleWebKit/537.36 (KHTML, like Gecko) Chrome/64.0.3282.186 Safari/537.36', 1),
(246, '2018-03-14 08:59:14', '91.225.165.165', 'admin@smarto.com', 'Mozilla/5.0 (Windows NT 10.0; Win64; x64) AppleWebKit/537.36 (KHTML, like Gecko) Chrome/64.0.3282.186 Safari/537.36', 1),
(247, '2018-03-14 09:02:00', '91.225.165.165', 'admin@smarto.com', 'Mozilla/5.0 (Windows NT 10.0; Win64; x64) AppleWebKit/537.36 (KHTML, like Gecko) Chrome/64.0.3282.186 Safari/537.36', 1),
(248, '2018-03-14 09:02:43', '91.225.165.165', 'admin@smarto.com', 'Mozilla/5.0 (Windows NT 10.0; Win64; x64) AppleWebKit/537.36 (KHTML, like Gecko) Chrome/64.0.3282.186 Safari/537.36', 0),
(249, '2018-03-14 09:03:32', '91.225.165.165', 'admin@smarto.com', 'Mozilla/5.0 (Windows NT 10.0; Win64; x64) AppleWebKit/537.36 (KHTML, like Gecko) Chrome/64.0.3282.186 Safari/537.36', 1),
(250, '2018-03-14 09:05:05', '91.225.165.165', 'admin@smarto.com', 'Mozilla/5.0 (Windows NT 10.0; Win64; x64) AppleWebKit/537.36 (KHTML, like Gecko) Chrome/64.0.3282.186 Safari/537.36', 1),
(251, '2018-03-14 09:10:04', '91.225.165.165', 'tests@smarto.com', 'Mozilla/5.0 (Windows NT 10.0; Win64; x64) AppleWebKit/537.36 (KHTML, like Gecko) Chrome/64.0.3282.186 Safari/537.36', 1),
(252, '2018-03-14 10:35:11', '91.225.165.165', 'vitaliyzell@gmail.com', 'Mozilla/5.0 (Windows NT 10.0; Win64; x64) AppleWebKit/537.36 (KHTML, like Gecko) Chrome/64.0.3282.186 Safari/537.36', 1),
(253, '2018-03-14 10:35:23', '91.225.165.165', 'admin@smarto.com', 'Mozilla/5.0 (Windows NT 10.0; Win64; x64) AppleWebKit/537.36 (KHTML, like Gecko) Chrome/64.0.3282.186 Safari/537.36', 1),
(254, '2018-03-14 11:09:16', '91.225.165.165', 'admin@smarto.com', 'Mozilla/5.0 (Windows NT 10.0; Win64; x64) AppleWebKit/537.36 (KHTML, like Gecko) Chrome/64.0.3282.186 Safari/537.36', 1),
(255, '2018-03-14 11:13:19', '91.225.165.165', 'tests@smarto.com', 'Mozilla/5.0 (Windows NT 10.0; Win64; x64) AppleWebKit/537.36 (KHTML, like Gecko) Chrome/64.0.3282.186 Safari/537.36', 1),
(256, '2018-05-24 07:54:53', '37.73.14.222', 'test@smarto.com', 'Mozilla/5.0 (Macintosh; Intel Mac OS X 10_13_4) AppleWebKit/605.1.15 (KHTML, like Gecko) Version/11.1 Safari/605.1.15', 1),
(257, '2018-05-24 08:04:51', '31.40.110.60', 'vitaliyzell@gmail.com', 'Mozilla/5.0 (Windows NT 6.1; Win64; x64) AppleWebKit/537.36 (KHTML, like Gecko) Chrome/65.0.3325.181 Safari/537.36 OPR/52.0.2871.99', 1),
(258, '2018-05-24 08:04:54', '31.40.110.60', 'vitaliyzell@gmail.com', 'Mozilla/5.0 (Windows NT 6.1; Win64; x64) AppleWebKit/537.36 (KHTML, like Gecko) Chrome/65.0.3325.181 Safari/537.36 OPR/52.0.2871.99', 1),
(259, '2018-05-24 08:05:00', '31.40.110.60', 'vitaliyzell@gmail.com', 'Mozilla/5.0 (Windows NT 6.1; Win64; x64) AppleWebKit/537.36 (KHTML, like Gecko) Chrome/65.0.3325.181 Safari/537.36 OPR/52.0.2871.99', 1),
(260, '2018-05-24 08:05:01', '31.40.110.60', 'vitaliyzell@gmail.com', 'Mozilla/5.0 (Windows NT 6.1; Win64; x64) AppleWebKit/537.36 (KHTML, like Gecko) Chrome/65.0.3325.181 Safari/537.36 OPR/52.0.2871.99', 1),
(261, '2018-05-24 08:05:12', '31.40.110.60', 'tests@smarto.com', 'Mozilla/5.0 (Windows NT 6.1; Win64; x64) AppleWebKit/537.36 (KHTML, like Gecko) Chrome/65.0.3325.181 Safari/537.36 OPR/52.0.2871.99', 1),
(262, '2018-05-24 08:05:14', '31.40.110.60', 'tests@smarto.com', 'Mozilla/5.0 (Windows NT 6.1; Win64; x64) AppleWebKit/537.36 (KHTML, like Gecko) Chrome/65.0.3325.181 Safari/537.36 OPR/52.0.2871.99', 1),
(263, '2018-05-24 08:05:14', '31.40.110.60', 'tests@smarto.com', 'Mozilla/5.0 (Windows NT 6.1; Win64; x64) AppleWebKit/537.36 (KHTML, like Gecko) Chrome/65.0.3325.181 Safari/537.36 OPR/52.0.2871.99', 1),
(264, '2018-05-24 08:05:14', '31.40.110.60', 'tests@smarto.com', 'Mozilla/5.0 (Windows NT 6.1; Win64; x64) AppleWebKit/537.36 (KHTML, like Gecko) Chrome/65.0.3325.181 Safari/537.36 OPR/52.0.2871.99', 1),
(265, '2018-05-24 08:07:04', '31.40.110.60', 'tests_@smarto.com', 'Mozilla/5.0 (Windows NT 6.1; Win64; x64) AppleWebKit/537.36 (KHTML, like Gecko) Chrome/65.0.3325.181 Safari/537.36 OPR/52.0.2871.99', 1),
(266, '2018-05-24 08:07:36', '31.40.110.60', 'tests_@smarto.com', 'Mozilla/5.0 (Windows NT 6.1; Win64; x64) AppleWebKit/537.36 (KHTML, like Gecko) Chrome/65.0.3325.181 Safari/537.36 OPR/52.0.2871.99', 1),
(267, '2018-07-22 14:29:29', '91.232.158.73', 'test@smarto.com', 'Mozilla/5.0 (Macintosh; Intel Mac OS X 10_13_6) AppleWebKit/605.1.15 (KHTML, like Gecko) Version/11.1.2 Safari/605.1.15', 1);
INSERT INTO `change_authorization` (`id`, `date`, `user_ip`, `user_email`, `user_devicy`, `result`) VALUES
(268, '2018-07-30 10:30:29', '127.0.0.1', 'jj', 'Mozilla/5.0 (Windows NT 10.0; Win64; x64) AppleWebKit/537.36 (KHTML, like Gecko) Chrome/67.0.3396.99 Safari/537.36', 0),
(269, '2018-07-30 11:05:50', '127.0.0.1', '4vitaliyzell@gmail.com', 'Mozilla/5.0 (Windows NT 10.0; Win64; x64) AppleWebKit/537.36 (KHTML, like Gecko) Chrome/67.0.3396.99 Safari/537.36', 0),
(270, '2018-07-30 12:09:23', '127.0.0.1', 'ghj', 'Mozilla/5.0 (Windows NT 10.0; Win64; x64) AppleWebKit/537.36 (KHTML, like Gecko) Chrome/67.0.3396.99 Safari/537.36', 0),
(271, '2018-07-30 12:11:53', '127.0.0.1', 'ghj', 'Mozilla/5.0 (Windows NT 10.0; Win64; x64) AppleWebKit/537.36 (KHTML, like Gecko) Chrome/67.0.3396.99 Safari/537.36', 0),
(272, '2018-07-30 12:11:57', '127.0.0.1', 'ghj', 'Mozilla/5.0 (Windows NT 10.0; Win64; x64) AppleWebKit/537.36 (KHTML, like Gecko) Chrome/67.0.3396.99 Safari/537.36', 0),
(273, '2018-07-30 12:11:57', '127.0.0.1', 'ghj', 'Mozilla/5.0 (Windows NT 10.0; Win64; x64) AppleWebKit/537.36 (KHTML, like Gecko) Chrome/67.0.3396.99 Safari/537.36', 0),
(274, '2018-07-30 12:12:00', '127.0.0.1', 'ghj', 'Mozilla/5.0 (Windows NT 10.0; Win64; x64) AppleWebKit/537.36 (KHTML, like Gecko) Chrome/67.0.3396.99 Safari/537.36', 0),
(275, '2018-07-30 12:12:00', '127.0.0.1', 'ghj', 'Mozilla/5.0 (Windows NT 10.0; Win64; x64) AppleWebKit/537.36 (KHTML, like Gecko) Chrome/67.0.3396.99 Safari/537.36', 0),
(276, '2018-07-30 12:12:26', '127.0.0.1', 'ghj', 'Mozilla/5.0 (Windows NT 10.0; Win64; x64) AppleWebKit/537.36 (KHTML, like Gecko) Chrome/67.0.3396.99 Safari/537.36', 0),
(277, '2018-07-30 12:12:38', '127.0.0.1', 'tests@smarto.com', 'Mozilla/5.0 (Windows NT 10.0; Win64; x64) AppleWebKit/537.36 (KHTML, like Gecko) Chrome/67.0.3396.99 Safari/537.36', 0),
(278, '2018-07-30 12:13:10', '127.0.0.1', 'tests@smarto.com', 'Mozilla/5.0 (Windows NT 10.0; Win64; x64) AppleWebKit/537.36 (KHTML, like Gecko) Chrome/67.0.3396.99 Safari/537.36', 0),
(279, '2018-07-30 12:13:17', '127.0.0.1', 'tests@smarto.com', 'Mozilla/5.0 (Windows NT 10.0; Win64; x64) AppleWebKit/537.36 (KHTML, like Gecko) Chrome/67.0.3396.99 Safari/537.36', 0),
(280, '2018-07-30 12:27:24', '127.0.0.1', 'vitaliyzell@gmail.com', 'Mozilla/5.0 (Windows NT 10.0; Win64; x64) AppleWebKit/537.36 (KHTML, like Gecko) Chrome/67.0.3396.99 Safari/537.36', 0),
(281, '2018-07-31 14:41:52', '127.0.0.1', 'vitaliyzell@gmail.com', 'Mozilla/5.0 (Windows NT 10.0; Win64; x64) AppleWebKit/537.36 (KHTML, like Gecko) Chrome/67.0.3396.99 Safari/537.36', 0),
(282, '2018-07-31 14:41:57', '127.0.0.1', 'vitaliyzell@gmail.com', 'Mozilla/5.0 (Windows NT 10.0; Win64; x64) AppleWebKit/537.36 (KHTML, like Gecko) Chrome/67.0.3396.99 Safari/537.36', 0),
(283, '2018-07-31 14:42:01', '127.0.0.1', 'vitaliyzell@gmail.com', 'Mozilla/5.0 (Windows NT 10.0; Win64; x64) AppleWebKit/537.36 (KHTML, like Gecko) Chrome/67.0.3396.99 Safari/537.36', 1),
(284, '2018-07-31 14:42:53', '127.0.0.1', 'test@online.com', 'Mozilla/5.0 (Windows NT 10.0; Win64; x64) AppleWebKit/537.36 (KHTML, like Gecko) Chrome/67.0.3396.99 Safari/537.36', 1),
(285, '2018-07-31 14:52:12', '127.0.0.1', 'ttest@test5.ua', 'Mozilla/5.0 (Windows NT 10.0; Win64; x64) AppleWebKit/537.36 (KHTML, like Gecko) Chrome/67.0.3396.99 Safari/537.36', 1),
(286, '2018-07-31 14:53:39', '127.0.0.1', 'ttest@test5.ua', 'Mozilla/5.0 (Windows NT 10.0; Win64; x64) AppleWebKit/537.36 (KHTML, like Gecko) Chrome/67.0.3396.99 Safari/537.36', 1),
(287, '2018-07-31 14:56:17', '127.0.0.1', 'test@test5.ua', 'Mozilla/5.0 (Windows NT 10.0; Win64; x64) AppleWebKit/537.36 (KHTML, like Gecko) Chrome/67.0.3396.99 Safari/537.36', 1),
(288, '2018-07-31 14:56:46', '127.0.0.1', 'test@test5.ua', 'Mozilla/5.0 (Windows NT 10.0; Win64; x64) AppleWebKit/537.36 (KHTML, like Gecko) Chrome/67.0.3396.99 Safari/537.36', 1),
(289, '2018-07-31 14:57:40', '127.0.0.1', 'test@test5.ua', 'Mozilla/5.0 (Windows NT 10.0; Win64; x64) AppleWebKit/537.36 (KHTML, like Gecko) Chrome/67.0.3396.99 Safari/537.36', 1),
(290, '2018-07-31 14:57:56', '127.0.0.1', 'test@test5.ua', 'Mozilla/5.0 (Windows NT 10.0; Win64; x64) AppleWebKit/537.36 (KHTML, like Gecko) Chrome/67.0.3396.99 Safari/537.36', 1),
(291, '2018-07-31 14:58:09', '127.0.0.1', 'test@test5.ua', 'Mozilla/5.0 (Windows NT 10.0; Win64; x64) AppleWebKit/537.36 (KHTML, like Gecko) Chrome/67.0.3396.99 Safari/537.36', 1),
(292, '2018-07-31 14:58:28', '127.0.0.1', 'test@test5.ua', 'Mozilla/5.0 (Windows NT 10.0; Win64; x64) AppleWebKit/537.36 (KHTML, like Gecko) Chrome/67.0.3396.99 Safari/537.36', 1),
(293, '2018-07-31 14:58:56', '127.0.0.1', 'test@test5.ua', 'Mozilla/5.0 (Windows NT 10.0; Win64; x64) AppleWebKit/537.36 (KHTML, like Gecko) Chrome/67.0.3396.99 Safari/537.36', 1),
(294, '2018-07-31 14:59:06', '127.0.0.1', 'test@test5.ua', 'Mozilla/5.0 (Windows NT 10.0; Win64; x64) AppleWebKit/537.36 (KHTML, like Gecko) Chrome/67.0.3396.99 Safari/537.36', 1),
(295, '2018-07-31 14:59:17', '127.0.0.1', 'test@test5.ua', 'Mozilla/5.0 (Windows NT 10.0; Win64; x64) AppleWebKit/537.36 (KHTML, like Gecko) Chrome/67.0.3396.99 Safari/537.36', 1),
(296, '2018-07-31 14:59:28', '127.0.0.1', 'test@test5.ua', 'Mozilla/5.0 (Windows NT 10.0; Win64; x64) AppleWebKit/537.36 (KHTML, like Gecko) Chrome/67.0.3396.99 Safari/537.36', 1),
(297, '2018-07-31 14:59:39', '127.0.0.1', 'test@test5.ua', 'Mozilla/5.0 (Windows NT 10.0; Win64; x64) AppleWebKit/537.36 (KHTML, like Gecko) Chrome/67.0.3396.99 Safari/537.36', 1),
(298, '2018-07-31 14:59:54', '127.0.0.1', 'test@test5.ua', 'Mozilla/5.0 (Windows NT 10.0; Win64; x64) AppleWebKit/537.36 (KHTML, like Gecko) Chrome/67.0.3396.99 Safari/537.36', 1),
(299, '2018-07-31 15:00:04', '127.0.0.1', 'test@test56.ua', 'Mozilla/5.0 (Windows NT 10.0; Win64; x64) AppleWebKit/537.36 (KHTML, like Gecko) Chrome/67.0.3396.99 Safari/537.36', 0),
(300, '2018-07-31 15:00:14', '127.0.0.1', 'test@test56.ua', 'Mozilla/5.0 (Windows NT 10.0; Win64; x64) AppleWebKit/537.36 (KHTML, like Gecko) Chrome/67.0.3396.99 Safari/537.36', 0),
(301, '2018-07-31 15:00:22', '127.0.0.1', 'test@test5.ua', 'Mozilla/5.0 (Windows NT 10.0; Win64; x64) AppleWebKit/537.36 (KHTML, like Gecko) Chrome/67.0.3396.99 Safari/537.36', 1),
(302, '2018-08-01 11:31:49', '127.0.0.1', 'test@test.ua5', 'Mozilla/5.0 (Windows NT 10.0; Win64; x64) AppleWebKit/537.36 (KHTML, like Gecko) Chrome/67.0.3396.99 Safari/537.36', 0),
(303, '2018-08-01 11:31:54', '127.0.0.1', 'test@test5.ua', 'Mozilla/5.0 (Windows NT 10.0; Win64; x64) AppleWebKit/537.36 (KHTML, like Gecko) Chrome/67.0.3396.99 Safari/537.36', 1),
(304, '2018-08-01 11:45:17', '127.0.0.1', 'test@test5.ua', 'Mozilla/5.0 (Windows NT 10.0; Win64; x64) AppleWebKit/537.36 (KHTML, like Gecko) Chrome/67.0.3396.99 Safari/537.36', 1),
(305, '2018-08-01 11:46:51', '127.0.0.1', 'test@test5.ua', 'Mozilla/5.0 (Windows NT 10.0; Win64; x64) AppleWebKit/537.36 (KHTML, like Gecko) Chrome/67.0.3396.99 Safari/537.36', 1);

-- --------------------------------------------------------

--
-- Структура таблицы `development`
--

CREATE TABLE IF NOT EXISTS `development` (
  `id` int(11) NOT NULL,
  `development_name` varchar(255) COLLATE utf8mb4_unicode_ci DEFAULT NULL,
  `development_img` varchar(255) COLLATE utf8mb4_unicode_ci DEFAULT NULL,
  `development_site` varchar(100) COLLATE utf8mb4_unicode_ci DEFAULT NULL
) ENGINE=InnoDB AUTO_INCREMENT=3 DEFAULT CHARSET=utf8mb4 COLLATE=utf8mb4_unicode_ci;

--
-- Дамп данных таблицы `development`
--

INSERT INTO `development` (`id`, `development_name`, `development_img`, `development_site`) VALUES
(1, 'SAGA', 'saga-logo.png', 'http://saga-development.com.ua/'),
(2, 'Perfect Group', 'saga-logo.png', 'https://perfect-group.ua/ru/');

-- --------------------------------------------------------

--
-- Структура таблицы `forgot_password`
--

CREATE TABLE IF NOT EXISTS `forgot_password` (
  `id` int(11) NOT NULL,
  `user_id` int(11) NOT NULL,
  `data_create` datetime NOT NULL DEFAULT CURRENT_TIMESTAMP,
  `data_end` datetime NOT NULL,
  `temp_key` varchar(200) COLLATE utf8mb4_unicode_ci DEFAULT NULL,
  `active` tinyint(1) NOT NULL DEFAULT '1'
) ENGINE=InnoDB AUTO_INCREMENT=114 DEFAULT CHARSET=utf8mb4 COLLATE=utf8mb4_unicode_ci;

--
-- Дамп данных таблицы `forgot_password`
--

INSERT INTO `forgot_password` (`id`, `user_id`, `data_create`, `data_end`, `temp_key`, `active`) VALUES
(79, 1, '2018-06-25 15:07:32', '2018-06-26 03:07:32', '2y10/o0POkTtDFedt/dBU587BOfa0Vwf5wIY4jM.y2czhMsdVkfAEobIa', 1),
(106, 44, '2018-07-16 15:07:53', '2018-07-17 03:07:53', '2y10k0/ufyFk7MZaWbnWHK8fFOe17lSWRwKHGmSyIL.xMW5ZGw3pwGGwS', 0),
(113, 80, '2018-08-01 10:39:09', '2018-08-01 22:39:09', '2y10noKDBShMu/tgIUbWHH3IWeMmNJQpXsiXXKTjtojPKNXR3CBqSyfl6', 1);

-- --------------------------------------------------------

--
-- Структура таблицы `houses`
--

CREATE TABLE IF NOT EXISTS `houses` (
  `id` int(11) NOT NULL,
  `project_id` int(11) NOT NULL,
  `build` tinyint(2) NOT NULL,
  `img` varchar(50) COLLATE utf8mb4_unicode_ci NOT NULL,
  `compas` smallint(3) NOT NULL,
  `config` varchar(255) COLLATE utf8mb4_unicode_ci NOT NULL
) ENGINE=InnoDB AUTO_INCREMENT=3 DEFAULT CHARSET=utf8mb4 COLLATE=utf8mb4_unicode_ci;

--
-- Дамп данных таблицы `houses`
--

INSERT INTO `houses` (`id`, `project_id`, `build`, `img`, `compas`, `config`) VALUES
(1, 1, 1, '', 30, '{"2":5,"3":6}'),
(2, 1, 2, '', 30, '{"1":6}');

-- --------------------------------------------------------

--
-- Структура таблицы `payments`
--

CREATE TABLE IF NOT EXISTS `payments` (
  `id` int(11) NOT NULL,
  `payment_method_id` int(11) NOT NULL DEFAULT '1',
  `flat_id` int(11) NOT NULL,
  `payment_date` datetime NOT NULL DEFAULT CURRENT_TIMESTAMP,
  `payment` varchar(10) COLLATE utf8mb4_unicode_ci DEFAULT NULL,
  `payment_transaction` varchar(200) COLLATE utf8mb4_unicode_ci DEFAULT NULL,
  `payment_status` tinyint(1) NOT NULL DEFAULT '0'
) ENGINE=InnoDB AUTO_INCREMENT=26 DEFAULT CHARSET=utf8mb4 COLLATE=utf8mb4_unicode_ci;

--
-- Дамп данных таблицы `payments`
--

INSERT INTO `payments` (`id`, `payment_method_id`, `flat_id`, `payment_date`, `payment`, `payment_transaction`, `payment_status`) VALUES
(1, 1, 44, '2018-07-17 11:39:26', '35.00', '90361626BM820523Y', 1),
(2, 1, 45, '2018-07-17 11:40:26', '35.00', '11X60117DP622635N', 1),
(3, 1, 46, '2018-07-17 11:40:50', '35.00', '0EJ9182748531541X', 1),
(4, 1, 47, '2018-07-17 11:41:10', '35.00', '9AL99777SN842854E', 1),
(5, 1, 48, '2018-07-17 11:41:23', '35.00', NULL, 1),
(6, 1, 49, '2018-07-17 11:41:33', '35.00', NULL, 1),
(7, 1, 50, '2018-07-17 11:41:52', '35.00', NULL, 1),
(8, 1, 51, '2018-07-17 11:44:17', '35.00', '22630772CG880832R', 1),
(9, 1, 52, '2018-07-17 11:44:23', '35.00', NULL, 1),
(10, 1, 53, '2018-07-17 11:44:31', '35.00', NULL, 1),
(11, 1, 54, '2018-07-17 12:02:52', '35.00', '4MR32767VC019864M', 1),
(12, 1, 55, '2018-07-17 12:07:22', '35.00', '6X9103551F736610T', 1),
(13, 1, 56, '2018-07-17 12:10:18', '35.00', '8KR440056C5946028', 1),
(14, 1, 57, '2018-07-17 12:30:14', '25.00', '89T61960X1184613H', 1),
(15, 1, 58, '2018-07-17 14:35:46', '35.00', '81E60935XY044363M', 1),
(16, 1, 59, '2018-07-17 14:35:53', '35.00', '4PV308284H032394T', 1),
(17, 1, 60, '2018-07-17 14:36:40', '35.00', '2K858067078784241', 1),
(18, 1, 61, '2018-07-17 14:37:23', '25.00', '4M029769GU549233M', 1),
(19, 1, 62, '2018-07-17 16:53:36', '25.00', '53N60157R10984548', 1),
(20, 1, 63, '2018-07-20 13:13:33', '10.00', '1XM39865SR107423L', 1),
(21, 1, 64, '2018-07-20 13:13:41', '10.00', '0R8015483G664225S', 1),
(22, 1, 65, '2018-07-20 13:15:23', '10.00', '2U170640C3565274C', 1),
(23, 1, 66, '2018-07-20 13:18:20', '10.00', '49M80201773096747', 1),
(24, 1, 67, '2018-07-20 13:19:48', '25.00', '5TJ48971V09671444', 1),
(25, 1, 68, '2018-07-20 13:30:21', '25.00', '1U538042FT174592C', 1);

-- --------------------------------------------------------

--
-- Структура таблицы `projects`
--

CREATE TABLE IF NOT EXISTS `projects` (
  `project_id` int(3) NOT NULL,
  `project_name` varchar(50) COLLATE utf8mb4_unicode_ci NOT NULL,
  `project_adress` varchar(300) COLLATE utf8mb4_unicode_ci DEFAULT NULL,
  `project_metro` varchar(255) COLLATE utf8mb4_unicode_ci DEFAULT NULL,
  `project_price_flat` mediumint(9) NOT NULL DEFAULT '0',
  `project_price` mediumint(9) NOT NULL DEFAULT '0',
  `project_rooms` smallint(6) NOT NULL DEFAULT '0',
  `project_site` varchar(100) COLLATE utf8mb4_unicode_ci DEFAULT NULL,
  `project_img` varchar(255) COLLATE utf8mb4_unicode_ci DEFAULT NULL,
  `development_id` int(11) NOT NULL
) ENGINE=InnoDB AUTO_INCREMENT=8 DEFAULT CHARSET=utf8mb4 COLLATE=utf8mb4_unicode_ci;

--
-- Дамп данных таблицы `projects`
--

INSERT INTO `projects` (`project_id`, `project_name`, `project_adress`, `project_metro`, `project_price_flat`, `project_price`, `project_rooms`, `project_site`, `project_img`, `development_id`) VALUES
(1, 'Жилой комплекс<br> Kandinsky-residence', 'ул. Рыбальская, 21', 'м. Дружбы Народов ', 1000000, 30000, 1200, 'http://kandinsky-residence.com.ua/', 'res_2.jpg', 1),
(2, 'Квартал <br> Rybalsky', 'ул. Рыбальская, 20', 'м. Дружбы Народов ', 2000000, 40000, 1500, 'https://rybalsky.com.ua', 'res_1.jpg', 1),
(3, 'Квартал <br> Rybalsky 2', 'ул. Рыбальская, 18', 'м. Дружбы Народов ', 1500000, 35000, 541, 'https://rybalsky.com.ua', 'res_3.jpg', 2),
(4, 'Квартал <br> Rybalsky 2', 'ул. Рыбальская, 18', 'м. Дружбы Народов ', 1500000, 35000, 682, 'https://rybalsky.com.ua', 'res_3.jpg', 2),
(5, 'Квартал <br> Rybalsky', 'ул. Рыбальская, 20', 'м. Дружбы Народов ', 2000000, 40000, 1000, 'https://rybalsky.com.ua', 'res_1.jpg', 1),
(6, 'Жилой комплекс<br> Kandinsky-residence', 'ул. Рыбальская, 21', 'м. Дружбы Народов ', 1000000, 30000, 341, 'http://kandinsky-residence.com.ua/', 'res_2.jpg', 1),
(7, 'Квартал <br> Rybalsky', 'ул. Рыбальская, 20', 'м. Дружбы Народов ', 2000000, 40000, 900, 'https://rybalsky.com.ua', 'res_1.jpg', 1);

-- --------------------------------------------------------

--
-- Структура таблицы `properties_flats`
--

CREATE TABLE IF NOT EXISTS `properties_flats` (
  `id` int(11) NOT NULL,
  `flat_id` int(11) NOT NULL,
  `property_id` int(11) NOT NULL,
  `property_flat` varchar(100) COLLATE utf8mb4_unicode_ci NOT NULL,
  `level` tinyint(1) NOT NULL DEFAULT '1'
) ENGINE=InnoDB AUTO_INCREMENT=2552 DEFAULT CHARSET=utf8mb4 COLLATE=utf8mb4_unicode_ci;

--
-- Дамп данных таблицы `properties_flats`
--

INSERT INTO `properties_flats` (`id`, `flat_id`, `property_id`, `property_flat`, `level`) VALUES
(49, 267, 1, '7.7', 1),
(50, 267, 2, '13.4', 1),
(51, 267, 3, '21.2', 1),
(52, 267, 4, '14.7', 1),
(53, 267, 5, '13.1', 1),
(54, 267, 7, '3.7', 1),
(55, 267, 9, '5.4', 1),
(56, 267, 11, '2.10', 1),
(57, 267, 14, '13.9', 1),
(58, 265, 1, '7.7', 1),
(59, 265, 2, '13.4', 1),
(60, 265, 3, '21.2', 1),
(61, 265, 4, '14.7', 1),
(62, 265, 5, '13.1', 1),
(63, 265, 7, '3.7', 1),
(64, 265, 9, '5.4', 1),
(65, 265, 11, '2.10', 1),
(66, 265, 14, '13.9', 1),
(67, 263, 1, '7.7', 1),
(68, 263, 2, '13.4', 1),
(69, 263, 3, '21.2', 1),
(70, 263, 4, '14.7', 1),
(71, 263, 5, '13.1', 1),
(72, 263, 7, '3.7', 1),
(73, 263, 9, '5.4', 1),
(74, 263, 11, '2.10', 1),
(75, 263, 14, '13.9', 1),
(76, 261, 1, '7.7', 1),
(77, 261, 2, '13.4', 1),
(78, 261, 3, '21.2', 1),
(79, 261, 4, '14.7', 1),
(80, 261, 5, '13.1', 1),
(81, 261, 7, '3.7', 1),
(82, 261, 9, '5.4', 1),
(83, 261, 11, '2.10', 1),
(84, 261, 14, '13.9', 1),
(85, 259, 1, '7.7', 1),
(86, 259, 2, '13.4', 1),
(87, 259, 3, '21.2', 1),
(88, 259, 4, '14.7', 1),
(89, 259, 5, '13.1', 1),
(90, 259, 7, '3.7', 1),
(91, 259, 9, '5.4', 1),
(92, 259, 11, '2.10', 1),
(93, 259, 14, '13.9', 1),
(94, 257, 1, '7.7', 1),
(95, 257, 2, '13.4', 1),
(96, 257, 3, '21.2', 1),
(97, 257, 4, '14.7', 1),
(98, 257, 5, '13.1', 1),
(99, 257, 7, '3.7', 1),
(100, 257, 9, '5.4', 1),
(101, 257, 11, '2.10', 1),
(102, 257, 14, '13.9', 1),
(103, 255, 1, '8.1', 1),
(104, 255, 2, '15.4', 1),
(105, 255, 3, '23.4', 1),
(106, 255, 4, '23.8', 1),
(107, 255, 5, '14.1', 1),
(108, 255, 7, '5.3', 1),
(109, 255, 9, '3.6', 1),
(110, 255, 11, '1.35', 1),
(111, 254, 1, '8.1', 1),
(112, 254, 2, '15.4', 1),
(113, 254, 3, '23.4', 1),
(114, 254, 4, '23.8', 1),
(115, 254, 5, '14.1', 1),
(116, 254, 7, '5.3', 1),
(117, 254, 9, '3.6', 1),
(118, 254, 11, '1.35', 1),
(119, 252, 1, '8.1', 1),
(120, 252, 2, '15.4', 1),
(121, 252, 3, '23.4', 1),
(122, 252, 4, '23.8', 1),
(123, 252, 5, '14.1', 1),
(124, 252, 7, '5.3', 1),
(125, 252, 9, '3.6', 1),
(126, 252, 11, '1.35', 1),
(127, 251, 1, '8.1', 1),
(128, 251, 2, '15.4', 1),
(129, 251, 3, '23.4', 1),
(130, 251, 4, '23.8', 1),
(131, 251, 5, '14.1', 1),
(132, 251, 7, '5.3', 1),
(133, 251, 9, '3.6', 1),
(134, 251, 11, '1.35', 1),
(135, 249, 1, '8.1', 1),
(136, 249, 2, '15.8', 1),
(137, 249, 3, '23.4', 1),
(138, 249, 4, '22.5', 1),
(139, 249, 5, '14.1', 1),
(140, 249, 7, '4.8', 1),
(141, 249, 9, '3.5', 1),
(142, 249, 11, '1.35', 1),
(143, 248, 1, '8.1', 1),
(144, 248, 2, '15.8', 1),
(145, 248, 3, '23.4', 1),
(146, 248, 4, '22.5', 1),
(147, 248, 5, '14.1', 1),
(148, 248, 7, '4.8', 1),
(149, 248, 9, '3.5', 1),
(150, 248, 11, '1.35', 1),
(151, 246, 1, '8.1', 1),
(152, 246, 2, '15.8', 1),
(153, 246, 3, '23.4', 1),
(154, 246, 4, '22.5', 1),
(155, 246, 5, '14.1', 1),
(156, 246, 7, '4.8', 1),
(157, 246, 9, '3.5', 1),
(158, 246, 11, '1.35', 1),
(159, 245, 1, '8.1', 1),
(160, 245, 2, '15.8', 1),
(161, 245, 3, '23.4', 1),
(162, 245, 4, '22.5', 1),
(163, 245, 5, '14.1', 1),
(164, 245, 7, '4.8', 1),
(165, 245, 9, '3.5', 1),
(166, 245, 11, '1.35', 1),
(167, 243, 1, '6.3', 1),
(168, 243, 2, '8', 1),
(169, 243, 3, '20.4', 1),
(170, 243, 4, '12', 1),
(171, 243, 5, '14.9', 1),
(172, 243, 7, '4.3', 1),
(173, 243, 9, '3.1', 1),
(174, 243, 11, '1.30', 1),
(175, 242, 1, '6.3', 1),
(176, 242, 2, '8', 1),
(177, 242, 3, '20.4', 1),
(178, 242, 4, '12', 1),
(179, 242, 5, '14.9', 1),
(180, 242, 7, '4.3', 1),
(181, 242, 9, '3.1', 1),
(182, 242, 11, '1.30', 1),
(183, 241, 1, '6.3', 1),
(184, 241, 2, '8', 1),
(185, 241, 3, '20.4', 1),
(186, 241, 4, '12', 1),
(187, 241, 5, '14.9', 1),
(188, 241, 7, '4.3', 1),
(189, 241, 9, '3.1', 1),
(190, 241, 11, '1.30', 1),
(191, 239, 1, '6.3', 1),
(192, 239, 2, '8', 1),
(193, 239, 3, '20.4', 1),
(194, 239, 4, '12', 1),
(195, 239, 5, '14.9', 1),
(196, 239, 7, '4.3', 1),
(197, 239, 9, '3.1', 1),
(198, 239, 11, '1.30', 1),
(199, 238, 1, '6.3', 1),
(200, 238, 2, '8', 1),
(201, 238, 3, '20.4', 1),
(202, 238, 4, '12', 1),
(203, 238, 5, '14.9', 1),
(204, 238, 7, '4.3', 1),
(205, 238, 9, '3.1', 1),
(206, 238, 11, '1.30', 1),
(207, 237, 1, '6.3', 1),
(208, 237, 2, '8', 1),
(209, 237, 3, '20.4', 1),
(210, 237, 4, '12', 1),
(211, 237, 5, '14.9', 1),
(212, 237, 7, '4.3', 1),
(213, 237, 9, '3.1', 1),
(214, 237, 11, '1.30', 1),
(215, 235, 1, '4.8', 1),
(216, 235, 2, '8.3', 1),
(217, 235, 3, '28.1', 1),
(218, 235, 4, '11.3', 1),
(219, 235, 7, '3.8', 1),
(220, 235, 9, '4.4', 1),
(221, 235, 11, '1.30', 1),
(222, 234, 1, '4.8', 1),
(223, 234, 2, '8.3', 1),
(224, 234, 3, '28.1', 1),
(225, 234, 4, '11.3', 1),
(226, 234, 7, '3.8', 1),
(227, 234, 9, '4.4', 1),
(228, 234, 11, '1.30', 1),
(229, 233, 1, '4.8', 1),
(230, 233, 2, '8.3', 1),
(231, 233, 3, '28.1', 1),
(232, 233, 4, '11.3', 1),
(233, 233, 7, '3.8', 1),
(234, 233, 9, '4.4', 1),
(235, 233, 11, '1.30', 1),
(236, 231, 1, '4.8', 1),
(237, 231, 2, '8.3', 1),
(238, 231, 3, '28.1', 1),
(239, 231, 4, '11.3', 1),
(240, 231, 7, '3.8', 1),
(241, 231, 9, '4.4', 1),
(242, 231, 11, '1.30', 1),
(243, 230, 1, '4.8', 1),
(244, 230, 2, '8.3', 1),
(245, 230, 3, '28.1', 1),
(246, 230, 4, '11.3', 1),
(247, 230, 7, '3.8', 1),
(248, 230, 9, '4.4', 1),
(249, 230, 11, '1.30', 1),
(250, 229, 1, '8.2', 1),
(251, 229, 2, '10.8', 1),
(252, 229, 3, '17.3', 1),
(253, 229, 4, '13.2', 1),
(254, 229, 7, '3.1', 1),
(255, 229, 9, '4.3', 1),
(256, 229, 11, '3.05', 1),
(257, 227, 1, '8.2', 1),
(258, 227, 2, '10.8', 1),
(259, 227, 3, '17.3', 1),
(260, 227, 4, '13.2', 1),
(261, 227, 7, '3.1', 1),
(262, 227, 9, '4.3', 1),
(263, 227, 11, '3.05', 1),
(264, 226, 1, '8.2', 1),
(265, 226, 2, '10.8', 1),
(266, 226, 3, '17.3', 1),
(267, 226, 4, '13.2', 1),
(268, 226, 7, '3.1', 1),
(269, 226, 9, '4.3', 1),
(270, 226, 11, '3.05', 1),
(271, 225, 1, '8.2', 1),
(272, 225, 2, '10.8', 1),
(273, 225, 3, '17.3', 1),
(274, 225, 4, '13.2', 1),
(275, 225, 7, '3.1', 1),
(276, 225, 9, '4.3', 1),
(277, 225, 11, '3.05', 1),
(278, 223, 1, '8.2', 1),
(279, 223, 2, '10.8', 1),
(280, 223, 3, '17.3', 1),
(281, 223, 4, '13.2', 1),
(282, 223, 7, '3.1', 1),
(283, 223, 9, '4.3', 1),
(284, 223, 11, '3.05', 1),
(285, 222, 1, '8.2', 1),
(286, 222, 2, '10.8', 1),
(287, 222, 3, '17.3', 1),
(288, 222, 4, '13.2', 1),
(289, 222, 7, '3.1', 1),
(290, 222, 9, '4.3', 1),
(291, 222, 11, '3.05', 1),
(292, 220, 1, '8.2', 1),
(293, 220, 2, '10.8', 1),
(294, 220, 3, '17.3', 1),
(295, 220, 4, '13.2', 1),
(296, 220, 7, '3.1', 1),
(297, 220, 9, '4.3', 1),
(298, 220, 11, '3.05', 1),
(299, 219, 1, '8.2', 1),
(300, 219, 2, '10.8', 1),
(301, 219, 3, '17.3', 1),
(302, 219, 4, '13.2', 1),
(303, 219, 7, '3.1', 1),
(304, 219, 9, '4.3', 1),
(305, 219, 11, '3.05', 1),
(306, 217, 1, '5.9', 1),
(307, 217, 2, '7', 1),
(308, 217, 3, '26', 1),
(309, 217, 4, '14.3', 1),
(310, 217, 7, '3.8', 1),
(311, 217, 9, '1.8', 1),
(312, 217, 11, '1.80', 1),
(313, 216, 1, '5.9', 1),
(314, 216, 2, '7', 1),
(315, 216, 3, '26', 1),
(316, 216, 4, '14.3', 1),
(317, 216, 7, '3.8', 1),
(318, 216, 9, '1.8', 1),
(319, 216, 11, '1.80', 1),
(320, 215, 1, '5.9', 1),
(321, 215, 2, '7', 1),
(322, 215, 3, '26', 1),
(323, 215, 4, '14.3', 1),
(324, 215, 7, '3.8', 1),
(325, 215, 9, '1.8', 1),
(326, 215, 11, '1.80', 1),
(327, 213, 1, '5.9', 1),
(328, 213, 2, '7', 1),
(329, 213, 3, '26', 1),
(330, 213, 4, '14.3', 1),
(331, 213, 7, '3.8', 1),
(332, 213, 9, '1.8', 1),
(333, 213, 11, '1.80', 1),
(334, 212, 1, '5.9', 1),
(335, 212, 2, '7', 1),
(336, 212, 3, '26', 1),
(337, 212, 4, '14.3', 1),
(338, 212, 7, '3.8', 1),
(339, 212, 9, '1.8', 1),
(340, 212, 11, '1.80', 1),
(341, 211, 1, '5.9', 1),
(342, 211, 2, '7', 1),
(343, 211, 3, '26', 1),
(344, 211, 4, '14.3', 1),
(345, 211, 7, '3.8', 1),
(346, 211, 9, '1.8', 1),
(347, 211, 11, '1.80', 1),
(348, 209, 1, '5.9', 1),
(349, 209, 2, '7', 1),
(350, 209, 3, '26', 1),
(351, 209, 4, '14.3', 1),
(352, 209, 7, '3.8', 1),
(353, 209, 9, '1.8', 1),
(354, 209, 11, '1.80', 1),
(355, 208, 1, '5.9', 1),
(356, 208, 2, '7', 1),
(357, 208, 3, '26', 1),
(358, 208, 4, '14.3', 1),
(359, 208, 7, '3.8', 1),
(360, 208, 9, '1.8', 1),
(361, 208, 11, '1.80', 1),
(362, 207, 1, '5.9', 1),
(363, 207, 2, '7', 1),
(364, 207, 3, '26', 1),
(365, 207, 4, '14.3', 1),
(366, 207, 7, '3.8', 1),
(367, 207, 9, '1.8', 1),
(368, 207, 11, '1.80', 1),
(369, 205, 1, '5.6', 1),
(370, 205, 2, '9.9', 1),
(371, 205, 3, '18.1', 1),
(372, 205, 7, '4.5', 1),
(373, 205, 11, '1.20', 1),
(374, 204, 1, '5.6', 1),
(375, 204, 2, '9.9', 1),
(376, 204, 3, '18.1', 1),
(377, 204, 7, '4.5', 1),
(378, 204, 11, '1.20', 1),
(379, 203, 1, '5.6', 1),
(380, 203, 2, '9.9', 1),
(381, 203, 3, '18.1', 1),
(382, 203, 7, '4.5', 1),
(383, 203, 11, '1.20', 1),
(384, 194, 1, '3.2', 1),
(385, 194, 2, '11.5', 1),
(386, 194, 3, '16.9', 1),
(387, 194, 7, '3.9', 1),
(388, 194, 11, '1.30', 1),
(389, 193, 1, '3.2', 1),
(390, 193, 2, '11.5', 1),
(391, 193, 3, '16.9', 1),
(392, 193, 7, '3.9', 1),
(393, 193, 11, '1.30', 1),
(394, 192, 1, '3.2', 1),
(395, 192, 2, '11.5', 1),
(396, 192, 3, '16.9', 1),
(397, 192, 7, '3.9', 1),
(398, 192, 11, '1.30', 1),
(399, 191, 1, '4.3', 1),
(400, 191, 2, '6.7', 1),
(401, 191, 3, '14.9', 1),
(402, 191, 4, '9.5', 1),
(403, 191, 7, '3.6', 1),
(404, 191, 11, '1.30', 1),
(405, 190, 1, '4.3', 1),
(406, 190, 2, '6.7', 1),
(407, 190, 3, '14.9', 1),
(408, 190, 4, '9.5', 1),
(409, 190, 7, '3.6', 1),
(410, 190, 11, '1.30', 1),
(411, 189, 1, '4.3', 1),
(412, 189, 2, '6.7', 1),
(413, 189, 3, '14.9', 1),
(414, 189, 4, '9.5', 1),
(415, 189, 7, '3.6', 1),
(416, 189, 11, '1.30', 1),
(417, 188, 1, '4.3', 1),
(418, 188, 2, '6.7', 1),
(419, 188, 3, '14.9', 1),
(420, 188, 4, '9.5', 1),
(421, 188, 7, '3.6', 1),
(422, 188, 11, '1.30', 1),
(423, 187, 1, '4.3', 1),
(424, 187, 2, '6.7', 1),
(425, 187, 3, '14.9', 1),
(426, 187, 4, '9.5', 1),
(427, 187, 7, '3.6', 1),
(428, 187, 11, '1.30', 1),
(429, 186, 1, '4.3', 1),
(430, 186, 2, '6.7', 1),
(431, 186, 3, '14.9', 1),
(432, 186, 4, '9.5', 1),
(433, 186, 7, '3.6', 1),
(434, 186, 11, '1.30', 1),
(435, 185, 1, '4.3', 1),
(436, 185, 2, '6.7', 1),
(437, 185, 3, '14.9', 1),
(438, 185, 4, '9.5', 1),
(439, 185, 7, '3.6', 1),
(440, 185, 11, '1.30', 1),
(441, 184, 1, '4.7', 1),
(442, 184, 2, '10.3', 1),
(443, 184, 3, '17.5', 1),
(444, 184, 7, '4.1', 1),
(445, 184, 11, '1.35', 1),
(446, 183, 1, '4.7', 1),
(447, 183, 2, '10.3', 1),
(448, 183, 3, '17.5', 1),
(449, 183, 7, '4.1', 1),
(450, 183, 11, '1.35', 1),
(451, 182, 1, '4.7', 1),
(452, 182, 2, '10.3', 1),
(453, 182, 3, '17.5', 1),
(454, 182, 7, '4.1', 1),
(455, 182, 11, '1.35', 1),
(456, 181, 1, '4.7', 1),
(457, 181, 2, '10.3', 1),
(458, 181, 3, '17.5', 1),
(459, 181, 7, '4.1', 1),
(460, 181, 11, '1.35', 1),
(461, 180, 1, '4.7', 1),
(462, 180, 2, '10.3', 1),
(463, 180, 3, '17.5', 1),
(464, 180, 7, '4.1', 1),
(465, 180, 11, '1.35', 1),
(466, 179, 1, '4.7', 1),
(467, 179, 2, '10.3', 1),
(468, 179, 3, '17.5', 1),
(469, 179, 7, '4.1', 1),
(470, 179, 11, '1.35', 1),
(471, 178, 1, '4.7', 1),
(472, 178, 2, '10.3', 1),
(473, 178, 3, '17.5', 1),
(474, 178, 7, '4.1', 1),
(475, 178, 11, '1.35', 1),
(476, 177, 1, '4.7', 1),
(477, 177, 2, '10.3', 1),
(478, 177, 3, '17.5', 1),
(479, 177, 7, '4.1', 1),
(480, 177, 11, '1.35', 1),
(481, 176, 1, '4.7', 1),
(482, 176, 2, '10.3', 1),
(483, 176, 3, '17.5', 1),
(484, 176, 7, '4.1', 1),
(485, 176, 11, '1.35', 1),
(486, 175, 1, '4.7', 1),
(487, 175, 2, '10.3', 1),
(488, 175, 3, '17.5', 1),
(489, 175, 7, '4.1', 1),
(490, 175, 11, '1.35', 1),
(491, 174, 1, '4.7', 1),
(492, 174, 2, '10.3', 1),
(493, 174, 3, '17.5', 1),
(494, 174, 7, '4.1', 1),
(495, 174, 11, '1.35', 1),
(496, 173, 1, '4.7', 1),
(497, 173, 2, '10.3', 1),
(498, 173, 3, '17.5', 1),
(499, 173, 7, '4.1', 1),
(500, 173, 11, '1.35', 1),
(501, 172, 1, '5.6', 1),
(502, 172, 2, '10.3', 1),
(503, 172, 3, '17.5', 1),
(504, 172, 7, '4.1', 1),
(505, 172, 11, '1.35', 1),
(506, 171, 1, '5.6', 1),
(507, 171, 2, '10.3', 1),
(508, 171, 3, '17.5', 1),
(509, 171, 7, '4.1', 1),
(510, 171, 11, '1.35', 1),
(511, 170, 1, '5.6', 1),
(512, 170, 2, '10.3', 1),
(513, 170, 3, '17.5', 1),
(514, 170, 7, '4.1', 1),
(515, 170, 11, '1.35', 1),
(516, 169, 1, '5.6', 1),
(517, 169, 2, '10.3', 1),
(518, 169, 3, '17.5', 1),
(519, 169, 7, '4.1', 1),
(520, 169, 11, '1.35', 1),
(521, 168, 1, '5.6', 1),
(522, 168, 2, '10.3', 1),
(523, 168, 3, '17.5', 1),
(524, 168, 7, '4.1', 1),
(525, 168, 11, '1.35', 1),
(526, 167, 1, '5.6', 1),
(527, 167, 2, '10.3', 1),
(528, 167, 3, '17.5', 1),
(529, 167, 7, '4.1', 1),
(530, 167, 11, '1.35', 1),
(531, 166, 1, '5.6', 1),
(532, 166, 2, '10.3', 1),
(533, 166, 3, '17.5', 1),
(534, 166, 7, '4.1', 1),
(535, 166, 11, '1.35', 1),
(536, 165, 1, '5.6', 1),
(537, 165, 2, '10.3', 1),
(538, 165, 3, '17.5', 1),
(539, 165, 7, '4.1', 1),
(540, 165, 11, '1.35', 1),
(541, 164, 1, '5.6', 1),
(542, 164, 2, '10.3', 1),
(543, 164, 3, '17.5', 1),
(544, 164, 7, '4.1', 1),
(545, 164, 11, '1.35', 1),
(546, 163, 1, '5.6', 1),
(547, 163, 2, '10.3', 1),
(548, 163, 3, '17.5', 1),
(549, 163, 7, '4.1', 1),
(550, 163, 11, '1.35', 1),
(551, 162, 1, '5.6', 1),
(552, 162, 2, '10.3', 1),
(553, 162, 3, '17.5', 1),
(554, 162, 7, '4.1', 1),
(555, 162, 11, '1.35', 1),
(556, 161, 1, '5.6', 1),
(557, 161, 2, '10.3', 1),
(558, 161, 3, '17.5', 1),
(559, 161, 7, '4.1', 1),
(560, 161, 11, '1.35', 1),
(561, 157, 1, '8.2', 1),
(562, 157, 2, '10.2', 1),
(563, 157, 3, '25', 1),
(564, 157, 4, '10.7', 1),
(565, 157, 5, '16.4', 1),
(566, 157, 7, '4.1', 1),
(567, 157, 9, '3.3', 1),
(568, 157, 11, '1.80', 1),
(569, 156, 1, '8.2', 1),
(570, 156, 2, '10.2', 1),
(571, 156, 3, '25', 1),
(572, 156, 4, '10.7', 1),
(573, 156, 5, '16.4', 1),
(574, 156, 7, '4.1', 1),
(575, 156, 9, '3.3', 1),
(576, 156, 11, '1.80', 1),
(577, 155, 1, '8.2', 1),
(578, 155, 2, '10.2', 1),
(579, 155, 3, '25', 1),
(580, 155, 4, '10.7', 1),
(581, 155, 5, '16.4', 1),
(582, 155, 7, '4.1', 1),
(583, 155, 9, '3.3', 1),
(584, 155, 11, '1.80', 1),
(585, 154, 1, '8.2', 1),
(586, 154, 2, '10.2', 1),
(587, 154, 3, '25', 1),
(588, 154, 4, '10.7', 1),
(589, 154, 5, '16.4', 1),
(590, 154, 7, '4.1', 1),
(591, 154, 9, '3.3', 1),
(592, 154, 11, '1.80', 1),
(593, 152, 1, '8.2', 1),
(594, 152, 2, '10.2', 1),
(595, 152, 3, '25', 1),
(596, 152, 4, '10.7', 1),
(597, 152, 5, '16.4', 1),
(598, 152, 7, '4.1', 1),
(599, 152, 9, '3.3', 1),
(600, 152, 11, '1.80', 1),
(601, 151, 1, '8.2', 1),
(602, 151, 2, '10.2', 1),
(603, 151, 3, '25', 1),
(604, 151, 4, '10.7', 1),
(605, 151, 5, '16.4', 1),
(606, 151, 7, '4.1', 1),
(607, 151, 9, '3.3', 1),
(608, 151, 11, '1.80', 1),
(609, 150, 1, '8.2', 1),
(610, 150, 2, '10.2', 1),
(611, 150, 3, '25', 1),
(612, 150, 4, '10.7', 1),
(613, 150, 5, '16.4', 1),
(614, 150, 7, '4.1', 1),
(615, 150, 9, '3.3', 1),
(616, 150, 11, '1.80', 1),
(617, 135, 1, '9.6', 1),
(618, 135, 2, '6.2', 1),
(619, 135, 3, '24.3', 1),
(620, 135, 4, '13.1', 1),
(621, 135, 7, '3', 1),
(622, 135, 9, '2.4', 1),
(623, 135, 11, '1.70', 1),
(624, 134, 1, '7', 1),
(625, 134, 2, '9.2', 1),
(626, 134, 3, '27.7', 1),
(627, 134, 4, '17.6', 1),
(628, 134, 7, '6.3', 1),
(629, 134, 9, '2.1', 1),
(630, 134, 11, '1.95', 1),
(631, 133, 1, '7', 1),
(632, 133, 2, '9.2', 1),
(633, 133, 3, '27.7', 1),
(634, 133, 4, '17.6', 1),
(635, 133, 7, '6.3', 1),
(636, 133, 9, '2.1', 1),
(637, 133, 11, '1.95', 1),
(638, 132, 1, '7', 1),
(639, 132, 2, '9.2', 1),
(640, 132, 3, '27.7', 1),
(641, 132, 4, '17.6', 1),
(642, 132, 7, '6.3', 1),
(643, 132, 9, '2.1', 1),
(644, 132, 11, '1.95', 1),
(645, 130, 1, '7', 1),
(646, 130, 2, '9.2', 1),
(647, 130, 3, '27.7', 1),
(648, 130, 4, '17.6', 1),
(649, 130, 7, '6.3', 1),
(650, 130, 9, '2.1', 1),
(651, 130, 11, '1.95', 1),
(652, 129, 1, '7', 1),
(653, 129, 2, '8.8', 1),
(654, 129, 3, '27.1', 1),
(655, 129, 4, '16.6', 1),
(656, 129, 7, '5.7', 1),
(657, 129, 9, '2.1', 1),
(658, 129, 11, '1.95', 1),
(659, 128, 1, '7', 1),
(660, 128, 2, '8.8', 1),
(661, 128, 3, '27.1', 1),
(662, 128, 4, '16.6', 1),
(663, 128, 7, '5.7', 1),
(664, 128, 9, '2.1', 1),
(665, 128, 11, '1.95', 1),
(666, 126, 1, '7', 1),
(667, 126, 2, '8.8', 1),
(668, 126, 3, '27.1', 1),
(669, 126, 4, '16.6', 1),
(670, 126, 7, '5.7', 1),
(671, 126, 9, '2.1', 1),
(672, 126, 11, '1.95', 1),
(673, 125, 1, '7', 1),
(674, 125, 2, '8.8', 1),
(675, 125, 3, '27.1', 1),
(676, 125, 4, '16.6', 1),
(677, 125, 7, '5.7', 1),
(678, 125, 9, '2.1', 1),
(679, 125, 11, '1.95', 1),
(680, 124, 1, '7', 1),
(681, 124, 2, '8.8', 1),
(682, 124, 3, '27.1', 1),
(683, 124, 4, '16.6', 1),
(684, 124, 7, '5.7', 1),
(685, 124, 9, '2.1', 1),
(686, 124, 11, '1.95', 1),
(687, 110, 1, '3.1', 1),
(688, 110, 2, '17.8', 1),
(689, 110, 3, '18.5', 1),
(690, 110, 4, '16.6', 1),
(691, 110, 7, '4.1', 1),
(692, 110, 9, '2', 1),
(693, 110, 11, '1.75', 1),
(694, 109, 1, '3.1', 1),
(695, 109, 2, '17.8', 1),
(696, 109, 3, '18.5', 1),
(697, 109, 4, '16.6', 1),
(698, 109, 7, '4.1', 1),
(699, 109, 9, '2', 1),
(700, 109, 11, '1.75', 1),
(701, 108, 1, '3.1', 1),
(702, 108, 2, '17.8', 1),
(703, 108, 3, '18.5', 1),
(704, 108, 4, '16.6', 1),
(705, 108, 7, '4.1', 1),
(706, 108, 9, '2', 1),
(707, 108, 11, '1.75', 1),
(708, 106, 1, '3.1', 1),
(709, 106, 2, '17.8', 1),
(710, 106, 3, '18.5', 1),
(711, 106, 4, '16.6', 1),
(712, 106, 7, '4.1', 1),
(713, 106, 9, '2', 1),
(714, 106, 11, '1.75', 1),
(715, 105, 1, '3.1', 1),
(716, 105, 2, '17.8', 1),
(717, 105, 3, '18.5', 1),
(718, 105, 4, '16.6', 1),
(719, 105, 7, '4.1', 1),
(720, 105, 9, '2', 1),
(721, 105, 11, '1.75', 1),
(722, 104, 1, '3.1', 1),
(723, 104, 2, '17.8', 1),
(724, 104, 3, '18.5', 1),
(725, 104, 4, '16.6', 1),
(726, 104, 7, '4.1', 1),
(727, 104, 9, '2', 1),
(728, 104, 11, '1.75', 1),
(729, 102, 1, '3.1', 1),
(730, 102, 2, '17.8', 1),
(731, 102, 3, '18.5', 1),
(732, 102, 4, '16.6', 1),
(733, 102, 7, '4.1', 1),
(734, 102, 9, '2', 1),
(735, 102, 11, '1.75', 1),
(736, 101, 1, '3.1', 1),
(737, 101, 2, '17.8', 1),
(738, 101, 3, '18.5', 1),
(739, 101, 4, '16.6', 1),
(740, 101, 7, '4.1', 1),
(741, 101, 9, '2', 1),
(742, 101, 11, '1.75', 1),
(743, 100, 1, '3.1', 1),
(744, 100, 2, '17.8', 1),
(745, 100, 3, '18.5', 1),
(746, 100, 4, '16.6', 1),
(747, 100, 7, '4.1', 1),
(748, 100, 9, '2', 1),
(749, 100, 11, '1.75', 1),
(750, 266, 1, '7.7', 1),
(751, 266, 2, '13.4', 1),
(752, 266, 3, '21.2', 1),
(753, 266, 4, '14.7', 1),
(754, 266, 5, '13.1', 1),
(755, 266, 7, '3.7', 1),
(756, 266, 9, '5.4', 1),
(757, 266, 11, '2.10', 1),
(758, 266, 14, '13.9', 1),
(759, 264, 1, '7.7', 1),
(760, 264, 2, '13.4', 1),
(761, 264, 3, '21.2', 1),
(762, 264, 4, '14.7', 1),
(763, 264, 5, '13.1', 1),
(764, 264, 7, '3.7', 1),
(765, 264, 9, '5.4', 1),
(766, 264, 11, '2.10', 1),
(767, 264, 14, '13.9', 1),
(768, 262, 1, '7.7', 1),
(769, 262, 2, '13.4', 1),
(770, 262, 3, '21.2', 1),
(771, 262, 4, '14.7', 1),
(772, 262, 5, '13.1', 1),
(773, 262, 7, '3.7', 1),
(774, 262, 9, '5.4', 1),
(775, 262, 11, '2.10', 1),
(776, 262, 14, '13.9', 1),
(777, 260, 1, '7.7', 1),
(778, 260, 2, '13.4', 1),
(779, 260, 3, '21.2', 1),
(780, 260, 4, '14.7', 1),
(781, 260, 5, '13.1', 1),
(782, 260, 7, '3.7', 1),
(783, 260, 9, '5.4', 1),
(784, 260, 11, '2.10', 1),
(785, 260, 14, '13.9', 1),
(786, 258, 1, '7.7', 1),
(787, 258, 2, '13.4', 1),
(788, 258, 3, '21.2', 1),
(789, 258, 4, '14.7', 1),
(790, 258, 5, '13.1', 1),
(791, 258, 7, '3.7', 1),
(792, 258, 9, '5.4', 1),
(793, 258, 11, '2.10', 1),
(794, 258, 14, '13.9', 1),
(795, 256, 1, '7.7', 1),
(796, 256, 2, '13.4', 1),
(797, 256, 3, '21.2', 1),
(798, 256, 4, '14.7', 1),
(799, 256, 5, '13.1', 1),
(800, 256, 7, '3.7', 1),
(801, 256, 9, '5.4', 1),
(802, 256, 11, '2.10', 1),
(803, 256, 14, '13.9', 1),
(804, 253, 1, '8.1', 1),
(805, 253, 2, '15.4', 1),
(806, 253, 3, '23.4', 1),
(807, 253, 4, '23.8', 1),
(808, 253, 5, '14.1', 1),
(809, 253, 7, '5.3', 1),
(810, 253, 9, '3.6', 1),
(811, 253, 11, '1.35', 1),
(812, 250, 1, '8.1', 1),
(813, 250, 2, '15.8', 1),
(814, 250, 3, '23.4', 1),
(815, 250, 4, '22.5', 1),
(816, 250, 5, '14.1', 1),
(817, 250, 7, '4.8', 1),
(818, 250, 9, '3.5', 1),
(819, 250, 11, '1.35', 1),
(820, 247, 1, '8.1', 1),
(821, 247, 2, '15.8', 1),
(822, 247, 3, '23.4', 1),
(823, 247, 4, '22.5', 1),
(824, 247, 5, '14.1', 1),
(825, 247, 7, '4.8', 1),
(826, 247, 9, '3.5', 1),
(827, 247, 11, '1.35', 1),
(828, 244, 1, '8.1', 1),
(829, 244, 2, '15.8', 1),
(830, 244, 3, '23.4', 1),
(831, 244, 4, '22.5', 1),
(832, 244, 5, '14.1', 1),
(833, 244, 7, '4.8', 1),
(834, 244, 9, '3.5', 1),
(835, 244, 11, '1.35', 1),
(836, 240, 1, '6.3', 1),
(837, 240, 2, '8', 1),
(838, 240, 3, '20.4', 1),
(839, 240, 4, '12', 1),
(840, 240, 5, '14.9', 1),
(841, 240, 7, '4.3', 1),
(842, 240, 9, '3.1', 1),
(843, 240, 11, '1.30', 1),
(844, 236, 1, '4.8', 1),
(845, 236, 2, '8.3', 1),
(846, 236, 3, '28.1', 1),
(847, 236, 4, '11.3', 1),
(848, 236, 7, '3.8', 1),
(849, 236, 9, '4.4', 1),
(850, 236, 11, '1.30', 1),
(851, 232, 1, '4.8', 1),
(852, 232, 2, '8.3', 1),
(853, 232, 3, '28.1', 1),
(854, 232, 4, '11.3', 1),
(855, 232, 7, '3.8', 1),
(856, 232, 9, '4.4', 1),
(857, 232, 11, '1.30', 1),
(858, 228, 1, '8.2', 1),
(859, 228, 2, '10.8', 1),
(860, 228, 3, '17.3', 1),
(861, 228, 4, '13.2', 1),
(862, 228, 7, '3.1', 1),
(863, 228, 9, '4.3', 1),
(864, 228, 11, '3.05', 1),
(865, 224, 1, '8.2', 1),
(866, 224, 2, '10.8', 1),
(867, 224, 3, '17.3', 1),
(868, 224, 4, '13.2', 1),
(869, 224, 7, '3.1', 1),
(870, 224, 9, '4.3', 1),
(871, 224, 11, '3.05', 1),
(872, 221, 1, '8.2', 1),
(873, 221, 2, '10.8', 1),
(874, 221, 3, '17.3', 1),
(875, 221, 4, '13.2', 1),
(876, 221, 7, '3.1', 1),
(877, 221, 9, '4.3', 1),
(878, 221, 11, '3.05', 1),
(879, 218, 1, '8.2', 1),
(880, 218, 2, '10.8', 1),
(881, 218, 3, '17.3', 1),
(882, 218, 4, '13.2', 1),
(883, 218, 7, '3.1', 1),
(884, 218, 9, '4.3', 1),
(885, 218, 11, '3.05', 1),
(886, 214, 1, '5.9', 1),
(887, 214, 2, '7', 1),
(888, 214, 3, '26', 1),
(889, 214, 4, '14.3', 1),
(890, 214, 7, '3.8', 1),
(891, 214, 9, '1.8', 1),
(892, 214, 11, '1.80', 1),
(893, 210, 1, '5.9', 1),
(894, 210, 2, '7', 1),
(895, 210, 3, '26', 1),
(896, 210, 4, '14.3', 1),
(897, 210, 7, '3.8', 1),
(898, 210, 9, '1.8', 1),
(899, 210, 11, '1.80', 1),
(900, 206, 1, '5.9', 1),
(901, 206, 2, '7', 1),
(902, 206, 3, '26', 1),
(903, 206, 4, '14.3', 1),
(904, 206, 7, '3.8', 1),
(905, 206, 9, '1.8', 1),
(906, 206, 11, '1.80', 1),
(907, 202, 1, '5.6', 1),
(908, 202, 2, '9.9', 1),
(909, 202, 3, '18.1', 1),
(910, 202, 7, '4.5', 1),
(911, 202, 11, '1.20', 1),
(912, 201, 1, '5.6', 1),
(913, 201, 2, '9.9', 1),
(914, 201, 3, '18.1', 1),
(915, 201, 7, '4.5', 1),
(916, 201, 11, '1.20', 1),
(917, 200, 1, '5.6', 1),
(918, 200, 2, '9.9', 1),
(919, 200, 3, '18.1', 1),
(920, 200, 7, '4.5', 1),
(921, 200, 11, '1.20', 1),
(922, 199, 1, '5.6', 1),
(923, 199, 2, '9.9', 1),
(924, 199, 3, '18.1', 1),
(925, 199, 7, '4.5', 1),
(926, 199, 11, '1.20', 1),
(927, 198, 1, '3.2', 1),
(928, 198, 2, '11.5', 1),
(929, 198, 3, '16.9', 1),
(930, 198, 7, '3.9', 1),
(931, 198, 11, '1.30', 1),
(932, 197, 1, '3.2', 1),
(933, 197, 2, '11.5', 1),
(934, 197, 3, '16.9', 1),
(935, 197, 7, '3.9', 1),
(936, 197, 11, '1.30', 1),
(937, 196, 1, '3.2', 1),
(938, 196, 2, '11.5', 1),
(939, 196, 3, '16.9', 1),
(940, 196, 7, '3.9', 1),
(941, 196, 11, '1.30', 1),
(942, 195, 1, '3.2', 1),
(943, 195, 2, '11.5', 1),
(944, 195, 3, '16.9', 1),
(945, 195, 7, '3.9', 1),
(946, 195, 11, '1.30', 1),
(947, 160, 1, '8.2', 1),
(948, 160, 2, '10.2', 1),
(949, 160, 3, '25', 1),
(950, 160, 4, '10.7', 1),
(951, 160, 5, '16.4', 1),
(952, 160, 7, '4.1', 1),
(953, 160, 9, '3.3', 1),
(954, 160, 11, '1.80', 1),
(955, 159, 1, '8.2', 1),
(956, 159, 2, '10.2', 1),
(957, 159, 3, '25', 1),
(958, 159, 4, '10.7', 1),
(959, 159, 5, '16.4', 1),
(960, 159, 7, '4.1', 1),
(961, 159, 9, '3.3', 1),
(962, 159, 11, '1.80', 1),
(963, 158, 1, '8.2', 1),
(964, 158, 2, '10.2', 1),
(965, 158, 3, '25', 1),
(966, 158, 4, '10.7', 1),
(967, 158, 5, '16.4', 1),
(968, 158, 7, '4.1', 1),
(969, 158, 9, '3.3', 1),
(970, 158, 11, '1.80', 1),
(971, 153, 1, '8.2', 1),
(972, 153, 2, '10.2', 1),
(973, 153, 3, '25', 1),
(974, 153, 4, '10.7', 1),
(975, 153, 5, '16.4', 1),
(976, 153, 7, '4.1', 1),
(977, 153, 9, '3.3', 1),
(978, 153, 11, '1.80', 1),
(979, 149, 1, '8.2', 1),
(980, 149, 2, '10.2', 1),
(981, 149, 3, '25', 1),
(982, 149, 4, '10.7', 1),
(983, 149, 5, '16.4', 1),
(984, 149, 7, '4.1', 1),
(985, 149, 9, '3.3', 1),
(986, 149, 11, '1.80', 1),
(987, 148, 1, '3.1', 1),
(988, 148, 2, '6.9', 1),
(989, 148, 3, '19.6', 1),
(990, 148, 4, '15.4', 1),
(991, 148, 7, '4.3', 1),
(992, 148, 9, '1.8', 1),
(993, 148, 11, '1.35', 1),
(994, 147, 1, '3.1', 1),
(995, 147, 2, '6.9', 1),
(996, 147, 3, '19.6', 1),
(997, 147, 4, '15.4', 1),
(998, 147, 7, '4.3', 1),
(999, 147, 9, '1.8', 1),
(1000, 147, 11, '1.35', 1),
(1001, 146, 1, '3.1', 1),
(1002, 146, 2, '6.9', 1),
(1003, 146, 3, '19.6', 1),
(1004, 146, 4, '15.4', 1),
(1005, 146, 7, '4.3', 1),
(1006, 146, 9, '1.8', 1),
(1007, 146, 11, '1.35', 1),
(1008, 145, 1, '3.1', 1),
(1009, 145, 2, '6.9', 1),
(1010, 145, 3, '19.6', 1),
(1011, 145, 4, '15.4', 1),
(1012, 145, 7, '4.3', 1),
(1013, 145, 9, '1.8', 1),
(1014, 145, 11, '1.35', 1),
(1015, 144, 1, '3.1', 1),
(1016, 144, 2, '6.9', 1),
(1017, 144, 3, '19.6', 1),
(1018, 144, 4, '15.4', 1),
(1019, 144, 7, '4.3', 1),
(1020, 144, 9, '1.8', 1),
(1021, 144, 11, '1.35', 1),
(1022, 143, 1, '3.1', 1),
(1023, 143, 2, '6.9', 1),
(1024, 143, 3, '19.6', 1),
(1025, 143, 4, '15.4', 1),
(1026, 143, 7, '4.3', 1),
(1027, 143, 9, '1.8', 1),
(1028, 143, 11, '1.35', 1),
(1029, 142, 1, '3.1', 1),
(1030, 142, 2, '6.9', 1),
(1031, 142, 3, '19.6', 1),
(1032, 142, 4, '15.4', 1),
(1033, 142, 7, '4.3', 1),
(1034, 142, 9, '1.8', 1),
(1035, 142, 11, '1.35', 1),
(1036, 141, 1, '9.6', 1),
(1037, 141, 2, '6.2', 1),
(1038, 141, 3, '24.3', 1),
(1039, 141, 4, '13.1', 1),
(1040, 141, 7, '3', 1),
(1041, 141, 9, '2.4', 1),
(1042, 141, 11, '1.70', 1),
(1043, 140, 1, '9.6', 1),
(1044, 140, 2, '6.2', 1),
(1045, 140, 3, '24.3', 1),
(1046, 140, 4, '13.1', 1),
(1047, 140, 7, '3', 1),
(1048, 140, 9, '2.4', 1),
(1049, 140, 11, '1.70', 1),
(1050, 139, 1, '9.6', 1),
(1051, 139, 2, '6.2', 1),
(1052, 139, 3, '24.3', 1),
(1053, 139, 4, '13.1', 1),
(1054, 139, 7, '3', 1),
(1055, 139, 9, '2.4', 1),
(1056, 139, 11, '1.70', 1),
(1057, 138, 1, '9.6', 1),
(1058, 138, 2, '6.2', 1),
(1059, 138, 3, '24.3', 1),
(1060, 138, 4, '13.1', 1),
(1061, 138, 7, '3', 1),
(1062, 138, 9, '2.4', 1),
(1063, 138, 11, '1.70', 1),
(1064, 137, 1, '9.6', 1),
(1065, 137, 2, '6.2', 1),
(1066, 137, 3, '24.3', 1),
(1067, 137, 4, '13.1', 1),
(1068, 137, 7, '3', 1),
(1069, 137, 9, '2.4', 1),
(1070, 137, 11, '1.70', 1),
(1071, 136, 1, '9.6', 1),
(1072, 136, 2, '6.2', 1),
(1073, 136, 3, '24.3', 1),
(1074, 136, 4, '13.1', 1),
(1075, 136, 7, '3', 1),
(1076, 136, 9, '2.4', 1),
(1077, 136, 11, '1.70', 1),
(1078, 131, 1, '7', 1),
(1079, 131, 2, '9.2', 1),
(1080, 131, 3, '27.7', 1),
(1081, 131, 4, '17.6', 1),
(1082, 131, 7, '6.3', 1),
(1083, 131, 9, '2.1', 1),
(1084, 131, 11, '1.95', 1),
(1085, 127, 1, '7', 1),
(1086, 127, 2, '8.8', 1),
(1087, 127, 3, '27.1', 1),
(1088, 127, 4, '16.6', 1),
(1089, 127, 7, '5.7', 1),
(1090, 127, 9, '2.1', 1),
(1091, 127, 11, '1.95', 1),
(1092, 123, 1, '7', 1),
(1093, 123, 2, '8.8', 1),
(1094, 123, 3, '27.1', 1),
(1095, 123, 4, '16.6', 1),
(1096, 123, 7, '5.7', 1),
(1097, 123, 9, '2.1', 1),
(1098, 123, 11, '1.95', 1),
(1099, 122, 1, '4.3', 1),
(1100, 122, 2, '6.9', 1),
(1101, 122, 3, '23', 1),
(1102, 122, 4, '14.6', 1),
(1103, 122, 7, '3.9', 1),
(1104, 122, 9, '1.8', 1),
(1105, 122, 11, '1.5', 1),
(1106, 121, 1, '4.3', 1),
(1107, 121, 2, '6.9', 1),
(1108, 121, 3, '23', 1),
(1109, 121, 4, '14.6', 1),
(1110, 121, 7, '3.9', 1),
(1111, 121, 9, '1.8', 1),
(1112, 121, 11, '1.5', 1),
(1113, 120, 1, '4.3', 1),
(1114, 120, 2, '6.9', 1),
(1115, 120, 3, '23', 1),
(1116, 120, 4, '14.6', 1),
(1117, 120, 7, '3.9', 1),
(1118, 120, 9, '1.8', 1),
(1119, 120, 11, '1.5', 1),
(1120, 119, 1, '4.3', 1),
(1121, 119, 2, '6.9', 1),
(1122, 119, 3, '23', 1),
(1123, 119, 4, '14.6', 1),
(1124, 119, 7, '3.9', 1),
(1125, 119, 9, '1.8', 1),
(1126, 119, 11, '1.5', 1),
(1127, 118, 1, '4.3', 1),
(1128, 118, 2, '6.9', 1),
(1129, 118, 3, '23', 1),
(1130, 118, 4, '14.6', 1),
(1131, 118, 7, '3.9', 1),
(1132, 118, 9, '1.8', 1),
(1133, 118, 11, '1.5', 1),
(1134, 117, 1, '4.3', 1),
(1135, 117, 2, '6.9', 1),
(1136, 117, 3, '23', 1),
(1137, 117, 4, '14.6', 1),
(1138, 117, 7, '3.9', 1),
(1139, 117, 9, '1.8', 1),
(1140, 117, 11, '1.5', 1),
(1141, 116, 1, '4.3', 1),
(1142, 116, 2, '6.9', 1),
(1143, 116, 3, '23', 1),
(1144, 116, 4, '14.6', 1),
(1145, 116, 7, '3.9', 1),
(1146, 116, 9, '1.8', 1),
(1147, 116, 11, '1.5', 1),
(1148, 115, 1, '4.3', 1),
(1149, 115, 2, '6.9', 1),
(1150, 115, 3, '23', 1),
(1151, 115, 4, '14.6', 1),
(1152, 115, 7, '3.9', 1),
(1153, 115, 9, '1.8', 1),
(1154, 115, 11, '1.5', 1),
(1155, 114, 1, '4.3', 1),
(1156, 114, 2, '6.9', 1),
(1157, 114, 3, '23', 1),
(1158, 114, 4, '14.6', 1),
(1159, 114, 7, '3.9', 1),
(1160, 114, 9, '1.8', 1),
(1161, 114, 11, '1.5', 1),
(1162, 113, 1, '4.3', 1),
(1163, 113, 2, '6.9', 1),
(1164, 113, 3, '23', 1),
(1165, 113, 4, '14.6', 1),
(1166, 113, 7, '3.9', 1),
(1167, 113, 9, '1.8', 1),
(1168, 113, 11, '1.5', 1),
(1169, 112, 1, '4.3', 1),
(1170, 112, 2, '6.9', 1),
(1171, 112, 3, '23', 1),
(1172, 112, 4, '14.6', 1),
(1173, 112, 7, '3.9', 1),
(1174, 112, 9, '1.8', 1),
(1175, 112, 11, '1.5', 1),
(1176, 111, 1, '4.3', 1),
(1177, 111, 2, '6.9', 1),
(1178, 111, 3, '23', 1),
(1179, 111, 4, '14.6', 1),
(1180, 111, 7, '3.9', 1),
(1181, 111, 9, '1.8', 1),
(1182, 111, 11, '1.5', 1),
(1183, 107, 1, '3.1', 1),
(1184, 107, 2, '17.8', 1),
(1185, 107, 3, '18.5', 1),
(1186, 107, 4, '16.6', 1),
(1187, 107, 7, '4.1', 1),
(1188, 107, 9, '2', 1),
(1189, 107, 11, '1.75', 1),
(1190, 103, 1, '3.1', 1),
(1191, 103, 2, '17.8', 1),
(1192, 103, 3, '18.5', 1),
(1193, 103, 4, '16.6', 1),
(1194, 103, 7, '4.1', 1),
(1195, 103, 9, '2', 1),
(1196, 103, 11, '1.75', 1),
(1197, 99, 1, '3.1', 1),
(1198, 99, 2, '17.8', 1),
(1199, 99, 3, '18.5', 1),
(1200, 99, 4, '16.6', 1),
(1201, 99, 7, '4.1', 1),
(1202, 99, 9, '2', 1),
(1203, 99, 11, '1.75', 1),
(1204, 98, 1, '9.8', 1),
(1205, 98, 2, '7', 1),
(1206, 98, 3, '29', 1),
(1207, 98, 4, '11.2', 1),
(1208, 98, 7, '4.2', 1),
(1209, 98, 9, '3.6', 1),
(1210, 98, 11, '1.30', 1),
(1211, 97, 1, '9.8', 1),
(1212, 97, 2, '7', 1),
(1213, 97, 3, '29', 1),
(1214, 97, 4, '11.2', 1),
(1215, 97, 7, '4.2', 1),
(1216, 97, 9, '3.6', 1),
(1217, 97, 11, '1.30', 1),
(1218, 96, 1, '9.8', 1),
(1219, 96, 2, '7', 1),
(1220, 96, 3, '29', 1),
(1221, 96, 4, '11.2', 1),
(1222, 96, 7, '4.2', 1),
(1223, 96, 9, '3.6', 1),
(1224, 96, 11, '1.30', 1),
(1225, 95, 1, '9.8', 1),
(1226, 95, 2, '7', 1),
(1227, 95, 3, '29', 1),
(1228, 95, 4, '11.2', 1),
(1229, 95, 7, '4.2', 1),
(1230, 95, 9, '3.6', 1),
(1231, 95, 11, '1.30', 1),
(1232, 94, 1, '9.8', 1),
(1233, 94, 2, '7', 1),
(1234, 94, 3, '29', 1),
(1235, 94, 4, '11.2', 1),
(1236, 94, 7, '4.2', 1),
(1237, 94, 9, '3.6', 1),
(1238, 94, 11, '1.30', 1),
(1239, 93, 1, '9.8', 1),
(1240, 93, 2, '7', 1),
(1241, 93, 3, '29', 1),
(1242, 93, 4, '11.2', 1),
(1243, 93, 7, '4.2', 1),
(1244, 93, 9, '3.6', 1),
(1245, 93, 11, '1.30', 1),
(1246, 92, 1, '9.8', 1),
(1247, 92, 2, '7', 1),
(1248, 92, 3, '29', 1),
(1249, 92, 4, '11.2', 1),
(1250, 92, 7, '4.2', 1),
(1251, 92, 9, '3.6', 1),
(1252, 92, 11, '1.30', 1),
(1253, 91, 1, '9.8', 1),
(1254, 91, 2, '7', 1),
(1255, 91, 3, '29', 1),
(1256, 91, 4, '11.2', 1),
(1257, 91, 7, '4.2', 1),
(1258, 91, 9, '3.6', 1),
(1259, 91, 11, '1.30', 1),
(1260, 90, 1, '9.8', 1),
(1261, 90, 2, '7', 1),
(1262, 90, 3, '29', 1),
(1263, 90, 4, '11.2', 1),
(1264, 90, 7, '4.2', 1),
(1265, 90, 9, '3.6', 1),
(1266, 90, 11, '1.30', 1),
(1267, 89, 1, '9.8', 1),
(1268, 89, 2, '7', 1),
(1269, 89, 3, '29', 1),
(1270, 89, 4, '11.2', 1),
(1271, 89, 7, '4.2', 1),
(1272, 89, 9, '3.6', 1),
(1273, 89, 11, '1.30', 1),
(1274, 88, 1, '9.8', 1),
(1275, 88, 2, '7', 1),
(1276, 88, 3, '29', 1),
(1277, 88, 4, '11.2', 1),
(1278, 88, 7, '4.2', 1),
(1279, 88, 9, '3.6', 1),
(1280, 88, 11, '1.30', 1),
(1281, 87, 1, '9.8', 1),
(1282, 87, 2, '7', 1),
(1283, 87, 3, '29', 1),
(1284, 87, 4, '11.2', 1),
(1285, 87, 7, '4.2', 1),
(1286, 87, 9, '3.6', 1),
(1287, 87, 11, '1.30', 1),
(1288, 86, 1, '3.5', 1),
(1289, 86, 2, '13.1', 1),
(1290, 86, 3, '19.2', 1),
(1291, 86, 7, '4', 1),
(1292, 86, 11, '1.60', 1),
(1293, 85, 1, '3.5', 1),
(1294, 85, 2, '13.1', 1),
(1295, 85, 3, '19.2', 1),
(1296, 85, 7, '4', 1),
(1297, 85, 11, '1.60', 1),
(1298, 84, 1, '3.5', 1),
(1299, 84, 2, '13.1', 1),
(1300, 84, 3, '19.2', 1),
(1301, 84, 7, '4', 1),
(1302, 84, 11, '1.60', 1),
(1303, 83, 1, '3.5', 1),
(1304, 83, 2, '13.1', 1),
(1305, 83, 3, '19.2', 1),
(1306, 83, 7, '4', 1),
(1307, 83, 11, '1.60', 1),
(1308, 82, 1, '3.5', 1),
(1309, 82, 2, '13.1', 1),
(1310, 82, 3, '19.2', 1),
(1311, 82, 7, '4', 1),
(1312, 82, 11, '1.60', 1),
(1313, 81, 1, '3.5', 1),
(1314, 81, 2, '13.1', 1),
(1315, 81, 3, '19.2', 1),
(1316, 81, 7, '4', 1),
(1317, 81, 11, '1.60', 1),
(1318, 80, 1, '3.5', 1),
(1319, 80, 2, '13.1', 1),
(1320, 80, 3, '19.2', 1),
(1321, 80, 7, '4', 1),
(1322, 80, 11, '1.60', 1),
(1323, 79, 1, '3.8', 1),
(1324, 79, 2, '6.4', 1),
(1325, 79, 3, '18.6', 1),
(1326, 79, 7, '4', 1),
(1327, 79, 11, '1.5', 1),
(1328, 78, 1, '3.8', 1),
(1329, 78, 2, '6.4', 1),
(1330, 78, 3, '18.6', 1),
(1331, 78, 7, '4', 1),
(1332, 78, 11, '1.5', 1),
(1333, 77, 1, '3.8', 1),
(1334, 77, 2, '6.4', 1),
(1335, 77, 3, '18.6', 1),
(1336, 77, 7, '4', 1),
(1337, 77, 11, '1.5', 1),
(1338, 76, 1, '3.8', 1),
(1339, 76, 2, '6.4', 1),
(1340, 76, 3, '18.6', 1),
(1341, 76, 7, '4', 1),
(1342, 76, 11, '1.5', 1),
(1343, 75, 1, '3.8', 1),
(1344, 75, 2, '6.4', 1),
(1345, 75, 3, '18.6', 1),
(1346, 75, 7, '4', 1),
(1347, 75, 11, '1.5', 1),
(1348, 74, 1, '3.8', 1),
(1349, 74, 2, '6.4', 1),
(1350, 74, 3, '18.6', 1),
(1351, 74, 7, '4', 1),
(1352, 74, 11, '1.5', 1),
(1353, 73, 1, '3.8', 1),
(1354, 73, 2, '6.4', 1),
(1355, 73, 3, '18.6', 1),
(1356, 73, 7, '4', 1),
(1357, 73, 11, '1.5', 1),
(1358, 72, 1, '4.6', 1),
(1359, 72, 2, '6.6', 1),
(1360, 72, 3, '15.4', 1),
(1361, 72, 4, '11', 1),
(1362, 72, 7, '3.8', 1),
(1363, 72, 11, '1.5', 1),
(1364, 71, 1, '4.6', 1),
(1365, 71, 2, '6.6', 1),
(1366, 71, 3, '15.4', 1),
(1367, 71, 4, '11', 1),
(1368, 71, 7, '3.8', 1),
(1369, 71, 11, '1.5', 1),
(1370, 70, 1, '4.6', 1),
(1371, 70, 2, '6.6', 1),
(1372, 70, 3, '15.4', 1),
(1373, 70, 4, '11', 1),
(1374, 70, 7, '3.8', 1),
(1375, 70, 11, '1.5', 1),
(1376, 69, 1, '4.6', 1),
(1377, 69, 2, '6.6', 1),
(1378, 69, 3, '15.4', 1),
(1379, 69, 4, '11', 1),
(1380, 69, 7, '3.8', 1),
(1381, 69, 11, '1.5', 1),
(1382, 68, 1, '4.6', 1),
(1383, 68, 2, '6.6', 1),
(1384, 68, 3, '15.4', 1),
(1385, 68, 4, '11', 1),
(1386, 68, 7, '3.8', 1),
(1387, 68, 11, '1.5', 1),
(1388, 67, 1, '4.6', 1),
(1389, 67, 2, '6.6', 1),
(1390, 67, 3, '15.4', 1),
(1391, 67, 4, '11', 1),
(1392, 67, 7, '3.8', 1),
(1393, 67, 11, '1.5', 1),
(1394, 66, 1, '4.6', 1),
(1395, 66, 2, '6.6', 1),
(1396, 66, 3, '15.4', 1),
(1397, 66, 4, '11', 1),
(1398, 66, 7, '3.8', 1),
(1399, 66, 11, '1.5', 1),
(1400, 65, 1, '4.6', 1),
(1401, 65, 2, '6.6', 1),
(1402, 65, 3, '15.4', 1),
(1403, 65, 4, '11', 1),
(1404, 65, 7, '3.8', 1),
(1405, 65, 11, '1.5', 1),
(1406, 64, 1, '4.6', 1),
(1407, 64, 2, '6.6', 1),
(1408, 64, 3, '15.4', 1),
(1409, 64, 4, '11', 1),
(1410, 64, 7, '3.8', 1),
(1411, 64, 11, '1.5', 1),
(1412, 63, 1, '4.6', 1),
(1413, 63, 2, '6.6', 1),
(1414, 63, 3, '15.4', 1),
(1415, 63, 4, '11', 1),
(1416, 63, 7, '3.8', 1),
(1417, 63, 11, '1.5', 1),
(1418, 62, 1, '4.6', 1),
(1419, 62, 2, '6.6', 1),
(1420, 62, 3, '15.4', 1),
(1421, 62, 4, '11', 1),
(1422, 62, 7, '3.8', 1),
(1423, 62, 11, '1.5', 1),
(1424, 61, 1, '4.6', 1),
(1425, 61, 2, '6.6', 1),
(1426, 61, 3, '15.4', 1),
(1427, 61, 4, '11', 1),
(1428, 61, 7, '3.8', 1),
(1429, 61, 11, '1.5', 1),
(1430, 60, 1, '4.6', 1),
(1431, 60, 2, '6.7', 1),
(1432, 60, 3, '15.4', 1),
(1433, 60, 4, '11', 1),
(1434, 60, 7, '3.8', 1),
(1435, 60, 11, '1.5', 1),
(1436, 59, 1, '4.6', 1),
(1437, 59, 2, '6.7', 1),
(1438, 59, 3, '15.4', 1),
(1439, 59, 4, '11', 1),
(1440, 59, 7, '3.8', 1),
(1441, 59, 11, '1.5', 1),
(1442, 58, 1, '4.6', 1),
(1443, 58, 2, '6.7', 1),
(1444, 58, 3, '15.4', 1),
(1445, 58, 4, '11', 1),
(1446, 58, 7, '3.8', 1),
(1447, 58, 11, '1.5', 1),
(1448, 57, 1, '4.6', 1),
(1449, 57, 2, '6.7', 1),
(1450, 57, 3, '15.4', 1),
(1451, 57, 4, '11', 1),
(1452, 57, 7, '3.8', 1),
(1453, 57, 11, '1.5', 1),
(1454, 56, 1, '4.6', 1),
(1455, 56, 2, '6.7', 1),
(1456, 56, 3, '15.4', 1),
(1457, 56, 4, '11', 1),
(1458, 56, 7, '3.8', 1),
(1459, 56, 11, '1.5', 1),
(1460, 55, 1, '4.6', 1),
(1461, 55, 2, '6.7', 1),
(1462, 55, 3, '15.4', 1),
(1463, 55, 4, '11', 1),
(1464, 55, 7, '3.8', 1),
(1465, 55, 11, '1.5', 1),
(1466, 54, 1, '4.6', 1),
(1467, 54, 2, '6.7', 1),
(1468, 54, 3, '15.4', 1),
(1469, 54, 4, '11', 1),
(1470, 54, 7, '3.8', 1),
(1471, 54, 11, '1.5', 1),
(1472, 53, 1, '4.6', 1),
(1473, 53, 2, '6.7', 1),
(1474, 53, 3, '15.4', 1),
(1475, 53, 4, '11', 1),
(1476, 53, 7, '3.8', 1),
(1477, 53, 11, '1.5', 1),
(1478, 52, 1, '4.6', 1),
(1479, 52, 2, '6.7', 1),
(1480, 52, 3, '15.4', 1),
(1481, 52, 4, '11', 1),
(1482, 52, 7, '3.8', 1),
(1483, 52, 11, '1.5', 1),
(1484, 51, 1, '4.6', 1),
(1485, 51, 2, '6.7', 1),
(1486, 51, 3, '15.4', 1),
(1487, 51, 4, '11', 1),
(1488, 51, 7, '3.8', 1),
(1489, 51, 11, '1.5', 1),
(1490, 50, 1, '4.6', 1),
(1491, 50, 2, '6.7', 1),
(1492, 50, 3, '15.4', 1),
(1493, 50, 4, '11', 1),
(1494, 50, 7, '3.8', 1),
(1495, 50, 11, '1.5', 1),
(1496, 49, 1, '4.6', 1),
(1497, 49, 2, '6.7', 1),
(1498, 49, 3, '15.4', 1),
(1499, 49, 4, '11', 1),
(1500, 49, 7, '3.8', 2),
(1501, 49, 11, '1.5', 2),
(1502, 48, 1, '5.9', 1),
(1503, 48, 2, '11.8', 1),
(1504, 48, 4, '19.8', 1),
(1505, 48, 7, '4', 1),
(1506, 48, 11, '1.5', 1),
(1507, 47, 1, '5.9', 1),
(1508, 47, 2, '11.8', 1),
(1509, 47, 4, '19.8', 1),
(1510, 47, 7, '4', 1),
(1511, 47, 11, '1.5', 1),
(1512, 46, 1, '5.9', 1),
(1513, 46, 2, '11.8', 1),
(1514, 46, 4, '19.8', 1),
(1515, 46, 7, '4', 1),
(1516, 46, 11, '1.5', 1),
(1517, 45, 1, '5.9', 1),
(1518, 45, 2, '11.8', 1),
(1519, 45, 4, '19.8', 1),
(1520, 45, 7, '4', 1),
(1521, 45, 11, '1.5', 1),
(1522, 44, 1, '5.9', 1),
(1523, 44, 2, '11.8', 1),
(1524, 44, 4, '19.8', 1),
(1525, 44, 7, '4', 1),
(1526, 44, 11, '1.5', 1),
(1527, 43, 1, '5.9', 1),
(1528, 43, 2, '11.8', 1),
(1529, 43, 4, '19.8', 1),
(1530, 43, 7, '4', 1),
(1531, 43, 11, '1.5', 2),
(1532, 42, 1, '5.9', 1),
(1533, 42, 2, '11.8', 1),
(1534, 42, 4, '19.8', 1),
(1535, 42, 7, '4', 1),
(1536, 42, 11, '1.5', 1),
(1537, 41, 1, '5.9', 1),
(1538, 41, 2, '11.8', 1),
(1539, 41, 4, '19.8', 1),
(1540, 41, 7, '4', 1),
(1541, 41, 11, '1.5', 1),
(1542, 40, 1, '5.9', 1),
(1543, 40, 2, '11.8', 1),
(1544, 40, 4, '19.8', 1),
(1545, 40, 7, '4', 1),
(1546, 40, 11, '1.5', 1),
(1547, 39, 1, '5.9', 1),
(1548, 39, 2, '11.8', 1),
(1549, 39, 4, '19.8', 1),
(1550, 39, 7, '4', 1),
(1551, 39, 11, '1.5', 1),
(1552, 38, 1, '5.9', 1),
(1553, 38, 2, '11.8', 1),
(1554, 38, 4, '19.8', 1),
(1555, 38, 7, '4', 1),
(1556, 38, 11, '1.5', 1),
(1557, 37, 1, '5.9', 1),
(1558, 37, 2, '11.8', 1),
(1559, 37, 4, '19.8', 1),
(1560, 37, 7, '4', 1),
(1561, 37, 11, '1.5', 1),
(1562, 36, 1, '4.8', 1),
(1563, 36, 2, '11.8', 1),
(1564, 36, 4, '19.8', 1),
(1565, 36, 7, '4', 1),
(1566, 36, 11, '1.5', 1),
(1567, 35, 1, '4.8', 1),
(1568, 35, 2, '11.8', 1),
(1569, 35, 4, '19.8', 1),
(1570, 35, 7, '4', 1),
(1571, 35, 11, '1.5', 1),
(1572, 34, 1, '4.8', 1),
(1573, 34, 2, '11.8', 1),
(1574, 34, 4, '19.8', 1),
(1575, 34, 7, '4', 1),
(1576, 34, 11, '1.5', 1),
(1577, 33, 1, '4.8', 1),
(1578, 33, 2, '11.8', 1),
(1579, 33, 4, '19.8', 1),
(1580, 33, 7, '4', 1),
(1581, 33, 11, '1.5', 1),
(1582, 32, 1, '4.8', 1),
(1583, 32, 2, '11.8', 1),
(1584, 32, 4, '19.8', 1),
(1585, 32, 7, '4', 1),
(1586, 32, 11, '1.5', 1),
(1587, 31, 1, '4.8', 1),
(1588, 31, 2, '11.8', 1),
(1589, 31, 4, '19.8', 1),
(1590, 31, 7, '4', 1),
(1591, 31, 11, '1.5', 1),
(1592, 30, 1, '4.8', 1),
(1593, 30, 2, '11.8', 1),
(1594, 30, 4, '19.8', 1),
(1595, 30, 7, '4', 1),
(1596, 30, 11, '1.5', 1),
(1597, 29, 1, '4.8', 1),
(1598, 29, 2, '11.8', 1),
(1599, 29, 4, '19.8', 1),
(1600, 29, 7, '4', 1),
(1601, 29, 11, '1.5', 1),
(1602, 28, 1, '4.8', 1),
(1603, 28, 2, '11.8', 1),
(1604, 28, 4, '19.8', 1),
(1605, 28, 7, '4', 1),
(1606, 28, 11, '1.5', 1),
(1607, 27, 1, '4.8', 1),
(1608, 27, 2, '11.8', 1),
(1609, 27, 4, '19.8', 1),
(1610, 27, 7, '4', 1),
(1611, 27, 11, '1.5', 1),
(1612, 26, 1, '4.8', 1),
(1613, 26, 2, '11.8', 1),
(1614, 26, 4, '19.8', 1),
(1615, 26, 7, '4', 1),
(1616, 26, 11, '1.5', 1),
(1617, 25, 1, '4.8', 1),
(1618, 25, 2, '11.8', 1),
(1619, 25, 4, '19.8', 1),
(1620, 25, 7, '4', 1),
(1621, 25, 11, '1.5', 1),
(1622, 24, 1, '4.6', 1),
(1623, 24, 2, '6.6', 1),
(1624, 24, 4, '11', 1),
(1625, 24, 7, '3.8', 1),
(1626, 24, 11, '1.5', 1),
(1627, 23, 1, '4.6', 1),
(1628, 23, 2, '6.6', 1),
(1629, 23, 4, '11', 1),
(1630, 23, 7, '3.8', 1),
(1631, 23, 11, '1.5', 1),
(1632, 22, 1, '4.6', 1),
(1633, 22, 2, '6.6', 1),
(1634, 22, 4, '11', 1),
(1635, 22, 7, '3.8', 1),
(1636, 22, 11, '1.5', 1),
(1637, 21, 1, '4.6', 1),
(1638, 21, 2, '6.6', 1),
(1639, 21, 4, '11', 1),
(1640, 21, 7, '3.8', 1),
(1641, 21, 11, '1.5', 1),
(1642, 20, 1, '4.6', 1),
(1643, 20, 2, '6.6', 1),
(1644, 20, 4, '11', 1),
(1645, 20, 7, '3.8', 1),
(1646, 20, 11, '1.5', 1),
(1647, 19, 1, '4.6', 1),
(1648, 19, 2, '6.6', 1),
(1649, 19, 4, '11', 1),
(1650, 19, 7, '3.8', 1),
(1651, 19, 11, '1.5', 1),
(1652, 18, 1, '4.6', 1),
(1653, 18, 2, '6.6', 1),
(1654, 18, 4, '11', 1),
(1655, 18, 7, '3.8', 1),
(1656, 18, 11, '1.5', 1),
(1657, 17, 1, '4.6', 1),
(1658, 17, 2, '6.6', 1),
(1659, 17, 4, '11', 1),
(1660, 17, 7, '3.8', 1),
(1661, 17, 11, '1.5', 1),
(1662, 16, 1, '4.6', 1),
(1663, 16, 2, '6.6', 1),
(1664, 16, 4, '11', 1),
(1665, 16, 7, '3.8', 1),
(1666, 16, 11, '1.5', 1),
(1667, 15, 1, '4.6', 1),
(1668, 15, 2, '6.6', 1),
(1669, 15, 4, '11', 1),
(1670, 15, 7, '3.8', 1),
(1671, 15, 11, '1.5', 1),
(1672, 14, 1, '4.6', 1),
(1673, 14, 2, '6.6', 1),
(1674, 14, 4, '11', 1),
(1675, 14, 7, '3.8', 1),
(1676, 14, 11, '1.5', 1),
(1677, 13, 1, '4.6', 1),
(1678, 13, 2, '6.6', 1),
(1679, 13, 4, '11', 1),
(1680, 13, 7, '3.8', 1),
(1681, 13, 11, '1.5', 1),
(1682, 12, 1, '4.6', 1),
(1683, 12, 2, '6.7', 1),
(1684, 12, 3, '15.4', 1),
(1685, 12, 4, '11', 1),
(1686, 12, 7, '3.8', 1),
(1687, 12, 11, '1.5', 1),
(1688, 11, 1, '4.6', 1),
(1689, 11, 2, '6.7', 1),
(1690, 11, 3, '15.4', 1),
(1691, 11, 4, '11', 1),
(1692, 11, 7, '3.8', 1),
(1693, 11, 11, '1.5', 1),
(1694, 10, 1, '4.6', 1),
(1695, 10, 2, '6.7', 1),
(1696, 10, 3, '15.4', 1),
(1697, 10, 4, '11', 1),
(1698, 10, 7, '3.8', 1),
(1699, 10, 11, '1.5', 1),
(1700, 9, 1, '4.6', 1),
(1701, 9, 2, '6.7', 1),
(1702, 9, 3, '15.4', 1),
(1703, 9, 4, '11', 1),
(1704, 9, 7, '3.8', 1),
(1705, 9, 11, '1.5', 1),
(1706, 8, 1, '4.6', 1),
(1707, 8, 2, '6.7', 1),
(1708, 8, 3, '15.4', 1),
(1709, 8, 4, '11', 1),
(1710, 8, 7, '3.8', 1),
(1711, 8, 11, '1.5', 1),
(1712, 7, 1, '4.6', 1),
(1713, 7, 2, '6.7', 1),
(1714, 7, 3, '15.4', 1),
(1715, 7, 4, '11', 1),
(1716, 7, 7, '3.8', 1),
(1717, 7, 11, '1.5', 1),
(1718, 6, 1, '4.6', 1),
(1719, 6, 2, '6.7', 1),
(1720, 6, 3, '15.4', 1),
(1721, 6, 4, '11', 1),
(1722, 6, 7, '3.8', 1),
(1723, 6, 11, '1.5', 1),
(1724, 5, 1, '4.6', 1),
(1725, 5, 2, '6.7', 1),
(1726, 5, 3, '15.4', 1),
(1727, 5, 4, '11', 1),
(1728, 5, 7, '3.8', 1),
(1729, 5, 11, '1.5', 1),
(1730, 4, 1, '4.6', 1),
(1731, 4, 2, '6.7', 1),
(1732, 4, 3, '15.4', 1),
(1733, 4, 4, '11', 1),
(1734, 4, 7, '3.8', 1),
(1735, 4, 11, '1.5', 1),
(1736, 3, 1, '4.6', 1),
(1737, 3, 2, '6.7', 1),
(1738, 3, 3, '15.4', 1),
(1739, 3, 4, '11', 1),
(1740, 3, 7, '3.8', 1),
(1741, 3, 11, '1.5', 1),
(1742, 2, 1, '4.6', 1),
(1743, 2, 2, '6.7', 1),
(1744, 2, 3, '15.4', 1),
(1745, 2, 4, '11', 1),
(1746, 2, 7, '3.8', 1),
(1747, 2, 11, '1.5', 1),
(1748, 1, 1, '4.6', 1),
(1749, 1, 2, '6.7', 1),
(1750, 1, 3, '15.4', 1),
(1751, 1, 4, '11', 1),
(1752, 1, 7, '3.8', 1),
(1753, 1, 11, '1.5', 1),
(1754, 268, 1, '11', 1),
(1755, 268, 2, '10.3', 1),
(1756, 268, 3, '23', 1),
(1757, 268, 4, '11.9', 1),
(1758, 268, 5, '13.2', 1),
(1759, 268, 7, '3.7', 1),
(1760, 268, 9, '5.2', 1),
(1761, 268, 11, '1.35', 1),
(1762, 268, 12, '1.5', 1),
(1763, 268, 13, '15', 1),
(1764, 269, 1, '11', 1),
(1765, 269, 2, '10.3', 1),
(1766, 269, 3, '23', 1),
(1767, 269, 4, '11.9', 1),
(1768, 269, 5, '13.2', 1),
(1769, 269, 7, '3.7', 1),
(1770, 269, 9, '5.2', 1),
(1771, 269, 11, '1.35', 1),
(1772, 269, 12, '1.5', 1),
(1773, 269, 13, '15', 1),
(1774, 270, 1, '11', 1),
(1775, 270, 2, '10.3', 1),
(1776, 270, 3, '23', 1),
(1777, 270, 4, '11.9', 1),
(1778, 270, 5, '13.2', 1),
(1779, 270, 7, '3.7', 1),
(1780, 270, 9, '5.2', 1),
(1781, 270, 11, '1.35', 1),
(1782, 270, 12, '1.5', 1),
(1783, 270, 13, '15', 1),
(1784, 271, 1, '11', 1),
(1785, 271, 2, '10.3', 1),
(1786, 271, 3, '23', 1),
(1787, 271, 4, '11.9', 1),
(1788, 271, 5, '13.2', 1),
(1789, 271, 7, '3.7', 1),
(1790, 271, 9, '5.2', 1),
(1791, 271, 11, '1.35', 1),
(1792, 271, 12, '1.5', 1),
(1793, 271, 13, '15', 1),
(1794, 272, 1, '11', 1),
(1795, 272, 2, '10.3', 1),
(1796, 272, 3, '23', 1),
(1797, 272, 4, '11.9', 1),
(1798, 272, 5, '13.2', 1),
(1799, 272, 7, '3.7', 1),
(1800, 272, 9, '5.2', 1),
(1801, 272, 11, '1.35', 1),
(1802, 272, 12, '1.5', 1),
(1803, 272, 13, '15', 1),
(1804, 273, 1, '11', 1),
(1805, 273, 2, '10.3', 1),
(1806, 273, 3, '23', 1),
(1807, 273, 4, '11.9', 1),
(1808, 273, 5, '13.2', 1),
(1809, 273, 7, '3.7', 1),
(1810, 273, 9, '5.2', 1),
(1811, 273, 11, '1.35', 1),
(1812, 273, 12, '1.5', 1),
(1813, 273, 13, '15', 1),
(1814, 274, 1, '11', 1),
(1815, 274, 2, '10.3', 1),
(1816, 274, 3, '23', 1),
(1817, 274, 4, '11.9', 1),
(1818, 274, 5, '13.2', 1),
(1819, 274, 7, '3.7', 1),
(1820, 274, 9, '5.2', 1),
(1821, 274, 11, '1.35', 1),
(1822, 274, 12, '1.5', 1),
(1823, 274, 13, '15', 1),
(1824, 275, 1, '3.8', 1),
(1825, 275, 2, '5.9', 1),
(1826, 275, 3, '24.2', 1),
(1827, 275, 9, '4.6', 1),
(1828, 275, 11, '1.25', 1),
(1829, 276, 1, '3.8', 1),
(1830, 276, 2, '5.9', 1),
(1831, 276, 3, '24.2', 1),
(1832, 276, 9, '4.6', 1),
(1833, 276, 11, '1.25', 1),
(1834, 277, 1, '3.8', 1),
(1835, 277, 2, '5.9', 1),
(1836, 277, 3, '24.2', 1),
(1837, 277, 9, '4.6', 1),
(1838, 277, 11, '1.25', 1),
(1839, 278, 1, '3.8', 1),
(1840, 278, 2, '5.9', 1),
(1841, 278, 3, '24.2', 1),
(1842, 278, 9, '4.6', 1),
(1843, 278, 11, '1.25', 1),
(1844, 279, 1, '3.8', 1),
(1845, 279, 2, '5.9', 1),
(1846, 279, 3, '24.2', 1),
(1847, 279, 9, '4.6', 1),
(1848, 279, 11, '1.25', 1),
(1849, 280, 1, '3.8', 1),
(1850, 280, 2, '5.9', 1),
(1851, 280, 3, '24.2', 1),
(1852, 280, 9, '4.6', 1),
(1853, 280, 11, '1.25', 1),
(1854, 281, 1, '3.8', 1),
(1855, 281, 2, '5.9', 1),
(1856, 281, 3, '24.2', 1),
(1857, 281, 9, '4.6', 1),
(1858, 281, 11, '1.25', 1),
(1859, 282, 1, '3.8', 1),
(1860, 282, 2, '5.9', 1),
(1861, 282, 3, '24.2', 1),
(1862, 282, 9, '4.6', 1),
(1863, 282, 11, '1.25', 1),
(1864, 283, 1, '3.8', 1),
(1865, 283, 2, '5.9', 1),
(1866, 283, 3, '24.2', 1),
(1867, 283, 9, '4.6', 1),
(1868, 283, 11, '1.25', 1),
(1869, 284, 1, '3.8', 1),
(1870, 284, 2, '5.9', 1),
(1871, 284, 3, '24.2', 1),
(1872, 284, 9, '4.6', 1),
(1873, 284, 11, '1.25', 1),
(1874, 285, 1, '3.8', 1),
(1875, 285, 2, '5.9', 1),
(1876, 285, 3, '24.2', 1),
(1877, 285, 9, '4.6', 1),
(1878, 285, 11, '1.25', 1),
(1879, 286, 1, '3.8', 1),
(1880, 286, 2, '5.9', 1),
(1881, 286, 3, '24.2', 1),
(1882, 286, 9, '4.6', 1),
(1883, 286, 11, '1.25', 1),
(1884, 287, 1, '5.1', 1),
(1885, 287, 2, '10.2', 1),
(1886, 287, 3, '16.7', 1),
(1887, 287, 9, '4.3', 1),
(1888, 287, 11, '1.35', 1),
(1889, 288, 1, '5.1', 1),
(1890, 288, 2, '10.2', 1),
(1891, 288, 3, '16.7', 1),
(1892, 288, 9, '4.3', 1),
(1893, 288, 11, '1.35', 1),
(1894, 289, 1, '5.1', 1),
(1895, 289, 2, '10.2', 1),
(1896, 289, 3, '16.7', 1),
(1897, 289, 9, '4.3', 1),
(1898, 289, 11, '1.35', 1),
(1899, 290, 1, '5.1', 1),
(1900, 290, 2, '10.2', 1),
(1901, 290, 3, '16.7', 1),
(1902, 290, 9, '4.3', 1),
(1903, 290, 11, '1.35', 1),
(1904, 291, 1, '5.1', 1),
(1905, 291, 2, '10.2', 1),
(1906, 291, 3, '16.7', 1),
(1907, 291, 9, '4.3', 1),
(1908, 291, 11, '1.35', 1),
(1909, 292, 1, '5.1', 1),
(1910, 292, 2, '10.2', 1),
(1911, 292, 3, '16.7', 1),
(1912, 292, 9, '4.3', 1),
(1913, 292, 11, '1.35', 1),
(1914, 293, 1, '5.1', 1),
(1915, 293, 2, '10.2', 1),
(1916, 293, 3, '16.7', 1),
(1917, 293, 9, '4.3', 1),
(1918, 293, 11, '1.35', 1),
(1919, 294, 1, '5.1', 1),
(1920, 294, 2, '10.2', 1),
(1921, 294, 3, '16.7', 1),
(1922, 294, 9, '4.3', 1),
(1923, 294, 11, '1.35', 1),
(1924, 295, 1, '5.1', 1),
(1925, 295, 2, '10.2', 1),
(1926, 295, 3, '16.7', 1),
(1927, 295, 9, '4.3', 1),
(1928, 295, 11, '1.35', 1),
(1929, 296, 1, '5.1', 1),
(1930, 296, 2, '10.2', 1),
(1931, 296, 3, '16.7', 1),
(1932, 296, 9, '4.3', 1),
(1933, 296, 11, '1.35', 1),
(1934, 297, 1, '5.1', 1),
(1935, 297, 2, '10.2', 1),
(1936, 297, 3, '16.7', 1),
(1937, 297, 9, '4.3', 1),
(1938, 297, 11, '1.35', 1),
(1939, 298, 1, '5.1', 1),
(1940, 298, 2, '10.2', 1),
(1941, 298, 3, '16.7', 1),
(1942, 298, 9, '4.3', 1),
(1943, 298, 11, '1.35', 1),
(1945, 80, 14, '1', 1),
(1946, 73, 13, '1', 1),
(1948, 25, 15, 'с отделкой', 1),
(1949, 61, 15, 'без отделки', 1),
(1950, 73, 15, 'отделка+', 1),
(1951, 1, 16, '1', 1),
(1952, 1, 17, '26.4', 1),
(1953, 267, 16, '4', 1),
(1954, 267, 17, '59.7', 1),
(1955, 265, 16, '4', 1),
(1956, 265, 17, '59.7', 1),
(1957, 263, 16, '4', 1),
(1958, 263, 17, '59.7', 1),
(1959, 261, 16, '4', 1),
(1960, 261, 17, '59.7', 1),
(1961, 259, 16, '4', 1),
(1962, 259, 17, '59.7', 1),
(1963, 257, 16, '4', 1),
(1964, 257, 17, '59.7', 1),
(1965, 255, 16, '3', 1),
(1966, 255, 17, '62.6', 1),
(1967, 254, 16, '3', 1),
(1968, 254, 17, '62.6', 1),
(1969, 252, 16, '3', 1),
(1970, 252, 17, '62.6', 1),
(1971, 251, 16, '3', 1),
(1972, 251, 17, '62.6', 1),
(1973, 249, 16, '3', 1),
(1974, 249, 17, '60', 1),
(1975, 248, 16, '3', 1),
(1976, 248, 17, '60', 1),
(1977, 246, 16, '3', 1),
(1978, 246, 17, '60', 1),
(1979, 245, 16, '3', 1),
(1980, 245, 17, '60', 1),
(1981, 243, 16, '3', 1),
(1982, 243, 17, '47.3', 1),
(1983, 242, 16, '3', 1),
(1984, 242, 17, '47.3', 1),
(1985, 241, 16, '3', 1),
(1986, 241, 17, '47.3', 1),
(1987, 239, 16, '3', 1),
(1988, 239, 17, '47.3', 1),
(1989, 238, 16, '3', 1),
(1990, 238, 17, '47.3', 1),
(1991, 237, 16, '3', 1),
(1992, 237, 17, '47.3', 1),
(1993, 235, 16, '2', 1),
(1994, 235, 17, '39.4', 1),
(1995, 234, 16, '2', 1),
(1996, 234, 17, '39.4', 1),
(1997, 233, 16, '2', 1),
(1998, 233, 17, '39.4', 1),
(1999, 231, 16, '2', 1),
(2000, 231, 17, '39.4', 1),
(2001, 230, 16, '2', 1),
(2002, 230, 17, '39.4', 1),
(2003, 229, 16, '2', 1),
(2004, 229, 17, '30.5', 1),
(2005, 227, 16, '2', 1),
(2006, 227, 17, '30.5', 1),
(2007, 226, 16, '2', 1),
(2008, 226, 17, '30.5', 1),
(2009, 225, 16, '2', 1),
(2010, 225, 17, '30.5', 1),
(2011, 223, 16, '2', 1),
(2012, 223, 17, '30.5', 1),
(2013, 222, 16, '2', 1),
(2014, 222, 17, '30.5', 1),
(2015, 220, 16, '2', 1),
(2016, 220, 17, '30.5', 1),
(2017, 219, 16, '2', 1),
(2018, 219, 17, '30.5', 1),
(2019, 217, 16, '2', 1),
(2020, 217, 17, '40.3', 1),
(2021, 216, 16, '2', 1),
(2022, 216, 17, '40.3', 1),
(2023, 215, 16, '2', 1),
(2024, 215, 17, '40.3', 1),
(2025, 213, 16, '2', 1),
(2026, 213, 17, '40.3', 1),
(2027, 212, 16, '2', 1),
(2028, 212, 17, '40.3', 1),
(2029, 211, 16, '2', 1),
(2030, 211, 17, '40.3', 1),
(2031, 209, 16, '2', 1),
(2032, 209, 17, '40.3', 1),
(2033, 208, 16, '2', 1),
(2034, 208, 17, '40.3', 1),
(2035, 207, 16, '2', 1),
(2036, 207, 17, '40.3', 1),
(2037, 205, 16, '1', 1),
(2038, 205, 17, '18.1', 1),
(2039, 204, 16, '1', 1),
(2040, 204, 17, '18.1', 1),
(2041, 203, 16, '1', 1),
(2042, 203, 17, '18.1', 1),
(2043, 194, 16, '1', 1),
(2044, 194, 17, '16.9', 1),
(2045, 193, 16, '1', 1),
(2046, 193, 17, '16.9', 1),
(2047, 192, 16, '1', 1),
(2048, 192, 17, '16.9', 1),
(2049, 191, 16, '1', 1),
(2050, 191, 17, '24.4', 1),
(2051, 190, 16, '1', 1),
(2052, 190, 17, '24.4', 1),
(2053, 189, 16, '1', 1),
(2054, 189, 17, '24.4', 1),
(2055, 188, 16, '1', 1),
(2056, 188, 17, '24.4', 1),
(2057, 187, 16, '1', 1),
(2058, 187, 17, '24.4', 1),
(2059, 186, 16, '1', 1),
(2060, 186, 17, '24.4', 1),
(2061, 185, 16, '1', 1),
(2062, 185, 17, '24.4', 1),
(2063, 184, 16, '1', 1),
(2064, 184, 17, '17.5', 1),
(2065, 183, 16, '1', 1),
(2066, 183, 17, '17.5', 1),
(2067, 182, 16, '1', 1),
(2068, 182, 17, '17.5', 1),
(2069, 181, 16, '1', 1),
(2070, 181, 17, '17.5', 1),
(2071, 180, 16, '1', 1),
(2072, 180, 17, '17.5', 1),
(2073, 179, 16, '1', 1),
(2074, 179, 17, '17.5', 1),
(2075, 178, 16, '1', 1),
(2076, 178, 17, '17.5', 1),
(2077, 177, 16, '1', 1),
(2078, 177, 17, '17.5', 1),
(2079, 176, 16, '1', 1),
(2080, 176, 17, '17.5', 1),
(2081, 175, 16, '1', 1),
(2082, 175, 17, '17.5', 1),
(2083, 174, 16, '1', 1),
(2084, 174, 17, '17.5', 1),
(2085, 173, 16, '1', 1),
(2086, 173, 17, '17.5', 1),
(2087, 172, 16, '1', 1),
(2088, 172, 17, '17.5', 1),
(2089, 171, 16, '1', 1),
(2090, 171, 17, '17.5', 1),
(2091, 170, 16, '1', 1),
(2092, 170, 17, '17.5', 1),
(2093, 169, 16, '1', 1),
(2094, 169, 17, '17.5', 1),
(2095, 168, 16, '1', 1),
(2096, 168, 17, '17.5', 1),
(2097, 167, 16, '1', 1),
(2098, 167, 17, '17.5', 1),
(2099, 166, 16, '1', 1),
(2100, 166, 17, '17.5', 1),
(2101, 165, 16, '1', 1),
(2102, 165, 17, '17.5', 1),
(2103, 164, 16, '1', 1),
(2104, 164, 17, '17.5', 1),
(2105, 163, 16, '1', 1),
(2106, 163, 17, '17.5', 1),
(2107, 162, 16, '1', 1),
(2108, 162, 17, '17.5', 1),
(2109, 161, 16, '1', 1),
(2110, 161, 17, '17.5', 1),
(2111, 157, 16, '3', 1),
(2112, 157, 17, '52.1', 1),
(2113, 156, 16, '3', 1),
(2114, 156, 17, '52.1', 1),
(2115, 155, 16, '3', 1),
(2116, 155, 17, '52.1', 1),
(2117, 154, 16, '3', 1),
(2118, 154, 17, '52.1', 1),
(2119, 152, 16, '3', 1),
(2120, 152, 17, '52.1', 1),
(2121, 151, 16, '3', 1),
(2122, 151, 17, '52.1', 1),
(2123, 150, 16, '3', 1),
(2124, 150, 17, '52.1', 1),
(2125, 135, 16, '2', 1),
(2126, 135, 17, '37.4', 1),
(2127, 134, 16, '2', 1),
(2128, 134, 17, '45.3', 1),
(2129, 133, 16, '2', 1),
(2130, 133, 17, '45.3', 1),
(2131, 132, 16, '2', 1),
(2132, 132, 17, '45.3', 1),
(2133, 130, 16, '2', 1),
(2134, 130, 17, '45.3', 1),
(2135, 129, 16, '2', 1),
(2136, 129, 17, '43.7', 1),
(2137, 128, 16, '2', 1),
(2138, 128, 17, '43.7', 1),
(2139, 126, 16, '2', 1),
(2140, 126, 17, '43.7', 1),
(2141, 125, 16, '2', 1),
(2142, 125, 17, '43.7', 1),
(2143, 124, 16, '2', 1),
(2144, 124, 17, '43.7', 1),
(2145, 110, 16, '2', 1),
(2146, 110, 17, '35.1', 1),
(2147, 109, 16, '2', 1),
(2148, 109, 17, '35.1', 1),
(2149, 108, 16, '2', 1),
(2150, 108, 17, '35.1', 1),
(2151, 106, 16, '2', 1),
(2152, 106, 17, '35.1', 1),
(2153, 105, 16, '2', 1),
(2154, 105, 17, '35.1', 1),
(2155, 104, 16, '2', 1),
(2156, 104, 17, '35.1', 1),
(2157, 102, 16, '2', 1),
(2158, 102, 17, '35.1', 1),
(2159, 101, 16, '2', 1);
INSERT INTO `properties_flats` (`id`, `flat_id`, `property_id`, `property_flat`, `level`) VALUES
(2160, 101, 17, '35.1', 1),
(2161, 100, 16, '2', 1),
(2162, 100, 17, '35.1', 1),
(2163, 266, 16, '4', 1),
(2164, 266, 17, '59.7', 1),
(2165, 264, 16, '4', 1),
(2166, 264, 17, '59.7', 1),
(2167, 262, 16, '4', 1),
(2168, 262, 17, '59.7', 1),
(2169, 260, 16, '4', 1),
(2170, 260, 17, '59.7', 1),
(2171, 258, 16, '4', 1),
(2172, 258, 17, '59.7', 1),
(2173, 256, 16, '4', 1),
(2174, 256, 17, '59.7', 1),
(2175, 253, 16, '3', 1),
(2176, 253, 17, '62.6', 1),
(2177, 250, 16, '3', 1),
(2178, 250, 17, '60', 1),
(2179, 247, 16, '3', 1),
(2180, 247, 17, '60', 1),
(2181, 244, 16, '3', 1),
(2182, 244, 17, '60', 1),
(2183, 240, 16, '3', 1),
(2184, 240, 17, '47.3', 1),
(2185, 236, 16, '2', 1),
(2186, 236, 17, '39.4', 1),
(2187, 232, 16, '2', 1),
(2188, 232, 17, '39.4', 1),
(2189, 228, 16, '2', 1),
(2190, 228, 17, '30.5', 1),
(2191, 224, 16, '2', 1),
(2192, 224, 17, '30.5', 1),
(2193, 221, 16, '2', 1),
(2194, 221, 17, '30.5', 1),
(2195, 218, 16, '2', 1),
(2196, 218, 17, '30.5', 1),
(2197, 214, 16, '2', 1),
(2198, 214, 17, '40.3', 1),
(2199, 210, 16, '2', 1),
(2200, 210, 17, '40.3', 1),
(2201, 206, 16, '2', 1),
(2202, 206, 17, '40.3', 1),
(2203, 202, 16, '1', 1),
(2204, 202, 17, '18.1', 1),
(2205, 201, 16, '1', 1),
(2206, 201, 17, '18.1', 1),
(2207, 200, 16, '1', 1),
(2208, 200, 17, '18.1', 1),
(2209, 199, 16, '1', 1),
(2210, 199, 17, '18.1', 1),
(2211, 198, 16, '1', 1),
(2212, 198, 17, '16.9', 1),
(2213, 197, 16, '1', 1),
(2214, 197, 17, '16.9', 1),
(2215, 196, 16, '1', 1),
(2216, 196, 17, '16.9', 1),
(2217, 195, 16, '1', 1),
(2218, 195, 17, '16.9', 1),
(2219, 160, 16, '3', 1),
(2220, 160, 17, '52.1', 1),
(2221, 159, 16, '3', 1),
(2222, 159, 17, '52.1', 1),
(2223, 158, 16, '3', 1),
(2224, 158, 17, '52.1', 1),
(2225, 153, 16, '3', 1),
(2226, 153, 17, '52.1', 1),
(2227, 149, 16, '3', 1),
(2228, 149, 17, '52.1', 1),
(2229, 148, 16, '2', 1),
(2230, 148, 17, '35', 1),
(2231, 147, 16, '2', 1),
(2232, 147, 17, '35', 1),
(2233, 146, 16, '2', 1),
(2234, 146, 17, '35', 1),
(2235, 145, 16, '2', 1),
(2236, 145, 17, '35', 1),
(2237, 144, 16, '2', 1),
(2238, 144, 17, '35', 1),
(2239, 143, 16, '2', 1),
(2240, 143, 17, '35', 1),
(2241, 142, 16, '2', 1),
(2242, 142, 17, '35', 1),
(2243, 141, 16, '2', 1),
(2244, 141, 17, '37.4', 1),
(2245, 140, 16, '2', 1),
(2246, 140, 17, '37.4', 1),
(2247, 139, 16, '2', 1),
(2248, 139, 17, '37.4', 1),
(2249, 138, 16, '2', 1),
(2250, 138, 17, '37.4', 1),
(2251, 137, 16, '2', 1),
(2252, 137, 17, '37.4', 1),
(2253, 136, 16, '2', 1),
(2254, 136, 17, '37.4', 1),
(2255, 131, 16, '2', 1),
(2256, 131, 17, '45.3', 1),
(2257, 127, 16, '2', 1),
(2258, 127, 17, '43.7', 1),
(2259, 123, 16, '2', 1),
(2260, 123, 17, '43.7', 1),
(2261, 122, 16, '2', 1),
(2262, 122, 17, '37.6', 1),
(2263, 121, 16, '2', 1),
(2264, 121, 17, '37.6', 1),
(2265, 120, 16, '2', 1),
(2266, 120, 17, '37.6', 1),
(2267, 119, 16, '2', 1),
(2268, 119, 17, '37.6', 1),
(2269, 118, 16, '2', 1),
(2270, 118, 17, '37.6', 1),
(2271, 117, 16, '2', 1),
(2272, 117, 17, '37.6', 1),
(2273, 116, 16, '2', 1),
(2274, 116, 17, '37.6', 1),
(2275, 115, 16, '2', 1),
(2276, 115, 17, '37.6', 1),
(2277, 114, 16, '2', 1),
(2278, 114, 17, '37.6', 1),
(2279, 113, 16, '2', 1),
(2280, 113, 17, '37.6', 1),
(2281, 112, 16, '2', 1),
(2282, 112, 17, '37.6', 1),
(2283, 111, 16, '2', 1),
(2284, 111, 17, '37.6', 1),
(2285, 107, 16, '2', 1),
(2286, 107, 17, '35.1', 1),
(2287, 103, 16, '2', 1),
(2288, 103, 17, '35.1', 1),
(2289, 99, 16, '2', 1),
(2290, 99, 17, '35.1', 1),
(2291, 98, 16, '2', 1),
(2292, 98, 17, '40.2', 1),
(2293, 97, 16, '2', 1),
(2294, 97, 17, '40.2', 1),
(2295, 96, 16, '2', 1),
(2296, 96, 17, '40.2', 1),
(2297, 95, 16, '2', 1),
(2298, 95, 17, '40.2', 1),
(2299, 94, 16, '2', 1),
(2300, 94, 17, '40.2', 1),
(2301, 93, 16, '2', 1),
(2302, 93, 17, '40.2', 1),
(2303, 92, 16, '2', 1),
(2304, 92, 17, '40.2', 1),
(2305, 91, 16, '2', 1),
(2306, 91, 17, '40.2', 1),
(2307, 90, 16, '2', 1),
(2308, 90, 17, '40.2', 1),
(2309, 89, 16, '2', 1),
(2310, 89, 17, '40.2', 1),
(2311, 88, 16, '2', 1),
(2312, 88, 17, '40.2', 1),
(2313, 87, 16, '2', 1),
(2314, 87, 17, '40.2', 1),
(2315, 86, 16, '1', 1),
(2316, 86, 17, '19.2', 1),
(2317, 85, 16, '1', 1),
(2318, 85, 17, '19.2', 1),
(2319, 84, 16, '1', 1),
(2320, 84, 17, '19.2', 1),
(2321, 83, 16, '1', 1),
(2322, 83, 17, '19.2', 1),
(2323, 82, 16, '1', 1),
(2324, 82, 17, '19.2', 1),
(2325, 81, 16, '1', 1),
(2326, 81, 17, '19.2', 1),
(2327, 80, 16, '1', 1),
(2328, 80, 17, '19.2', 1),
(2329, 79, 16, '1', 1),
(2330, 79, 17, '18.6', 1),
(2331, 78, 16, '1', 1),
(2332, 78, 17, '18.6', 1),
(2333, 77, 16, '1', 1),
(2334, 77, 17, '18.6', 1),
(2335, 76, 16, '1', 1),
(2336, 76, 17, '18.6', 1),
(2337, 75, 16, '1', 1),
(2338, 75, 17, '18.6', 1),
(2339, 74, 16, '1', 1),
(2340, 74, 17, '18.6', 1),
(2341, 73, 16, '6', 1),
(2342, 73, 17, '18.6', 1),
(2343, 72, 16, '1', 1),
(2344, 72, 17, '26.4', 1),
(2345, 71, 16, '1', 1),
(2346, 71, 17, '26.4', 1),
(2347, 70, 16, '1', 1),
(2348, 70, 17, '26.4', 1),
(2349, 69, 16, '1', 1),
(2350, 69, 17, '26.4', 1),
(2351, 68, 16, '1', 1),
(2352, 68, 17, '26.4', 1),
(2353, 67, 16, '1', 1),
(2354, 67, 17, '26.4', 1),
(2355, 66, 16, '1', 1),
(2356, 66, 17, '26.4', 1),
(2357, 65, 16, '1', 1),
(2358, 65, 17, '26.4', 1),
(2359, 64, 16, '1', 1),
(2360, 64, 17, '26.4', 1),
(2361, 63, 16, '1', 1),
(2362, 63, 17, '26.4', 1),
(2363, 62, 16, '1', 1),
(2364, 62, 17, '26.4', 1),
(2365, 61, 16, '1', 1),
(2366, 61, 17, '26.4', 1),
(2367, 60, 16, '1', 1),
(2368, 60, 17, '26.4', 1),
(2369, 59, 16, '1', 1),
(2370, 59, 17, '26.4', 1),
(2371, 58, 16, '1', 1),
(2372, 58, 17, '26.4', 1),
(2373, 57, 16, '1', 1),
(2374, 57, 17, '26.4', 1),
(2375, 56, 16, '1', 1),
(2376, 56, 17, '26.4', 1),
(2377, 55, 16, '1', 1),
(2378, 55, 17, '26.4', 1),
(2379, 54, 16, '1', 1),
(2380, 54, 17, '26.4', 1),
(2381, 53, 16, '1', 1),
(2382, 53, 17, '26.4', 1),
(2383, 52, 16, '1', 1),
(2384, 52, 17, '26.4', 1),
(2385, 51, 16, '1', 1),
(2386, 51, 17, '26.4', 1),
(2387, 50, 16, '1', 1),
(2388, 50, 17, '26.4', 1),
(2389, 49, 16, '1', 1),
(2390, 49, 17, '26.4', 2),
(2391, 48, 16, '1', 1),
(2392, 48, 17, '19.8', 1),
(2393, 47, 16, '1', 1),
(2394, 47, 17, '19.8', 1),
(2395, 46, 16, '1', 1),
(2396, 46, 17, '19.8', 1),
(2397, 45, 16, '1', 1),
(2398, 45, 17, '19.8', 1),
(2399, 44, 16, '1', 1),
(2400, 44, 17, '19.8', 1),
(2401, 43, 16, '1', 2),
(2402, 43, 17, '19.8', 2),
(2403, 42, 16, '1', 1),
(2404, 42, 17, '19.8', 1),
(2405, 41, 16, '1', 1),
(2406, 41, 17, '19.8', 1),
(2407, 40, 16, '1', 1),
(2408, 40, 17, '19.8', 1),
(2409, 39, 16, '1', 1),
(2410, 39, 17, '19.8', 1),
(2411, 38, 16, '1', 1),
(2412, 38, 17, '19.8', 1),
(2413, 37, 16, '1', 1),
(2414, 37, 17, '19.8', 1),
(2415, 36, 16, '1', 1),
(2416, 36, 17, '19.8', 1),
(2417, 35, 16, '1', 1),
(2418, 35, 17, '19.8', 1),
(2419, 34, 16, '1', 1),
(2420, 34, 17, '19.8', 1),
(2421, 33, 16, '1', 1),
(2422, 33, 17, '19.8', 1),
(2423, 32, 16, '1', 1),
(2424, 32, 17, '19.8', 1),
(2425, 31, 16, '1', 1),
(2426, 31, 17, '19.8', 1),
(2427, 30, 16, '1', 1),
(2428, 30, 17, '19.8', 1),
(2429, 29, 16, '1', 1),
(2430, 29, 17, '19.8', 1),
(2431, 28, 16, '1', 1),
(2432, 28, 17, '19.8', 1),
(2433, 27, 16, '1', 1),
(2434, 27, 17, '19.8', 1),
(2435, 26, 16, '1', 1),
(2436, 26, 17, '19.8', 1),
(2437, 25, 16, '1', 1),
(2438, 25, 17, '19.8', 1),
(2439, 24, 16, '1', 1),
(2440, 24, 17, '26.4', 1),
(2441, 23, 16, '1', 1),
(2442, 23, 17, '26.4', 1),
(2443, 22, 16, '1', 1),
(2444, 22, 17, '26.4', 1),
(2445, 21, 16, '1', 1),
(2446, 21, 17, '26.4', 1),
(2447, 20, 16, '1', 1),
(2448, 20, 17, '26.4', 1),
(2449, 19, 16, '1', 1),
(2450, 19, 17, '26.4', 1),
(2451, 18, 16, '1', 1),
(2452, 18, 17, '26.4', 1),
(2453, 17, 16, '1', 1),
(2454, 17, 17, '26.4', 1),
(2455, 16, 16, '1', 1),
(2456, 16, 17, '26.4', 1),
(2457, 15, 16, '1', 1),
(2458, 15, 17, '26.4', 1),
(2459, 14, 16, '1', 1),
(2460, 14, 17, '26.4', 1),
(2461, 13, 16, '1', 1),
(2462, 13, 17, '26.4', 1),
(2463, 12, 16, '1', 1),
(2464, 12, 17, '26.4', 1),
(2465, 11, 16, '1', 1),
(2466, 11, 17, '26.4', 1),
(2467, 10, 16, '1', 1),
(2468, 10, 17, '26.4', 1),
(2469, 9, 16, '1', 1),
(2470, 9, 17, '26.4', 1),
(2471, 8, 16, '1', 1),
(2472, 8, 17, '26.4', 1),
(2473, 7, 16, '1', 1),
(2474, 7, 17, '26.4', 1),
(2475, 6, 16, '1', 1),
(2476, 6, 17, '26.4', 1),
(2477, 5, 16, '1', 1),
(2478, 5, 17, '26.4', 1),
(2479, 4, 16, '1', 1),
(2480, 4, 17, '26.4', 1),
(2481, 3, 16, '1', 1),
(2482, 3, 17, '26.4', 1),
(2483, 2, 16, '1', 1),
(2484, 2, 17, '26.4', 1),
(2485, 268, 16, '4', 1),
(2486, 268, 17, '63.1', 1),
(2487, 269, 16, '4', 1),
(2488, 269, 17, '63.1', 1),
(2489, 270, 16, '4', 1),
(2490, 270, 17, '63.1', 1),
(2491, 271, 16, '4', 1),
(2492, 271, 17, '63.1', 1),
(2493, 272, 16, '4', 1),
(2494, 272, 17, '63.1', 1),
(2495, 273, 16, '4', 1),
(2496, 273, 17, '63.1', 1),
(2497, 274, 16, '4', 1),
(2498, 274, 17, '63.1', 1),
(2499, 275, 16, '1', 1),
(2500, 275, 17, '24.2', 1),
(2501, 276, 16, '1', 1),
(2502, 276, 17, '24.2', 1),
(2503, 277, 16, '1', 1),
(2504, 277, 17, '24.2', 1),
(2505, 278, 16, '1', 1),
(2506, 278, 17, '24.2', 1),
(2507, 279, 16, '1', 1),
(2508, 279, 17, '24.2', 1),
(2509, 280, 16, '1', 1),
(2510, 280, 17, '24.2', 1),
(2511, 281, 16, '1', 1),
(2512, 281, 17, '24.2', 1),
(2513, 282, 16, '1', 1),
(2514, 282, 17, '24.2', 1),
(2515, 283, 16, '1', 1),
(2516, 283, 17, '24.2', 1),
(2517, 284, 16, '1', 1),
(2518, 284, 17, '24.2', 1),
(2519, 285, 16, '1', 1),
(2520, 285, 17, '24.2', 1),
(2521, 286, 16, '1', 1),
(2522, 286, 17, '24.2', 1),
(2523, 287, 16, '1', 1),
(2524, 287, 17, '16.7', 1),
(2525, 288, 16, '1', 1),
(2526, 288, 17, '16.7', 1),
(2527, 289, 16, '1', 1),
(2528, 289, 17, '16.7', 1),
(2529, 290, 16, '1', 1),
(2530, 290, 17, '16.7', 1),
(2531, 291, 16, '1', 1),
(2532, 291, 17, '16.7', 1),
(2533, 292, 16, '1', 1),
(2534, 292, 17, '16.7', 1),
(2535, 293, 16, '1', 1),
(2536, 293, 17, '16.7', 1),
(2537, 294, 16, '1', 1),
(2538, 294, 17, '16.7', 1),
(2539, 295, 16, '1', 1),
(2540, 295, 17, '16.7', 1),
(2541, 296, 16, '1', 1),
(2542, 296, 17, '16.7', 1),
(2543, 297, 16, '1', 1),
(2544, 297, 17, '16.7', 1),
(2545, 298, 16, '1', 1),
(2546, 298, 17, '16.7', 1),
(2547, 43, 3, '2.5', 3),
(2548, 43, 5, '2', 3),
(2549, 43, 16, '5', 3),
(2550, 73, 18, '88.6', 1),
(2551, 80, 18, '190.2', 1);

-- --------------------------------------------------------

--
-- Структура таблицы `properties_name`
--

CREATE TABLE IF NOT EXISTS `properties_name` (
  `id` int(11) NOT NULL,
  `properties_name_ua` varchar(255) COLLATE utf8mb4_unicode_ci NOT NULL,
  `properties_name_ru` varchar(255) COLLATE utf8mb4_unicode_ci NOT NULL,
  `properties_name_en` varchar(255) COLLATE utf8mb4_unicode_ci NOT NULL,
  `properties_typ` int(5) NOT NULL DEFAULT '0' COMMENT '1-слайдер От-До 2-Простой слайдер 3-Да/нет 4-выпадающее меню',
  `active` bit(1) NOT NULL DEFAULT b'1'
) ENGINE=InnoDB AUTO_INCREMENT=19 DEFAULT CHARSET=utf8mb4 COLLATE=utf8mb4_unicode_ci;

--
-- Дамп данных таблицы `properties_name`
--

INSERT INTO `properties_name` (`id`, `properties_name_ua`, `properties_name_ru`, `properties_name_en`, `properties_typ`, `active`) VALUES
(1, '', 'Прихожая', '', 1, b'0'),
(2, '', 'Кухня', '', 1, b'1'),
(3, '', 'Гостиная', '', 1, b'1'),
(4, '', 'Спальня', '', 1, b'1'),
(5, '', 'Спальня 2', '', 1, b'1'),
(6, '', 'Спальня 3', '', 1, b'1'),
(7, '', 'Санузел', '', 1, b'1'),
(9, '', 'Ванна', '', 1, b'1'),
(10, '', 'Лоджия', '', 1, b'1'),
(11, '', 'Лоджия 2', '', 1, b'1'),
(12, '', 'Спальня 3', '', 1, b'1'),
(13, '', 'Балкон', '', 3, b'1'),
(14, '', 'Лоджия', '', 3, b'1'),
(15, '', 'Отделка', '', 4, b'1'),
(16, '', 'Количество комнат', '', 1, b'1'),
(17, '', 'Жилая площадь', '', 1, b'1'),
(18, '', 'Площадь 2', '', 2, b'1');

-- --------------------------------------------------------

--
-- Структура таблицы `section`
--

CREATE TABLE IF NOT EXISTS `section` (
  `id` int(11) NOT NULL,
  `project_id` int(11) NOT NULL,
  `sec` smallint(2) NOT NULL,
  `floor` smallint(3) NOT NULL,
  `build` tinyint(2) NOT NULL,
  `img` varchar(50) COLLATE utf8mb4_unicode_ci NOT NULL,
  `compas` smallint(3) NOT NULL DEFAULT '0'
) ENGINE=InnoDB AUTO_INCREMENT=55 DEFAULT CHARSET=utf8mb4 COLLATE=utf8mb4_unicode_ci;

--
-- Дамп данных таблицы `section`
--

INSERT INTO `section` (`id`, `project_id`, `sec`, `floor`, `build`, `img`, `compas`) VALUES
(1, 1, 3, 3, 1, 'sec3', 30),
(2, 1, 2, 3, 1, 'sec2', 30),
(3, 1, 1, 3, 1, 'sec1', 30),
(4, 1, 3, 4, 1, 'sec3', 30),
(5, 1, 2, 4, 1, 'sec2', 30),
(6, 1, 1, 4, 1, 'sec1', 30),
(7, 1, 3, 5, 1, 'sec3', 30),
(8, 1, 2, 5, 1, 'sec2', 30),
(9, 1, 1, 5, 1, 'sec1', 30),
(10, 1, 3, 6, 1, 'sec3', 30),
(11, 1, 2, 6, 1, 'sec2', 30),
(12, 1, 1, 6, 1, 'sec1', 30),
(13, 1, 3, 7, 1, 'sec3', 30),
(14, 1, 2, 7, 1, 'sec2', 30),
(15, 1, 1, 7, 1, 'sec1', 30),
(16, 1, 3, 8, 1, 'sec3', 30),
(17, 1, 1, 8, 1, 'sec1', 30),
(18, 1, 3, 9, 1, 'sec3', 30),
(19, 1, 1, 9, 1, 'sec1', 30),
(20, 1, 3, 10, 1, 'sec3', 30),
(21, 1, 3, 11, 1, 'sec3', 30),
(22, 1, 3, 12, 1, 'sec3', 30),
(23, 1, 3, 13, 1, 'sec3', 30),
(24, 1, 3, 14, 1, 'sec3', 30),
(25, 1, 3, 15, 1, 'sec3', 30),
(26, 1, 3, 16, 1, 'sec3', 30),
(27, 1, 1, 3, 2, 'sec1', 60),
(28, 1, 2, 3, 2, 'sec2', 45),
(29, 1, 1, 4, 2, 'sec1', 60),
(30, 1, 2, 4, 2, 'sec2', 45),
(31, 1, 1, 5, 2, 'sec1', 60),
(32, 1, 2, 5, 2, 'sec2', 45),
(33, 1, 1, 6, 2, 'sec1', 60),
(34, 1, 2, 6, 2, 'sec2', 45),
(35, 1, 1, 7, 2, 'sec1', 60),
(36, 1, 2, 7, 2, 'sec2', 45),
(37, 1, 1, 8, 2, 'sec1', 60),
(38, 1, 2, 8, 2, 'sec2', 45),
(39, 1, 1, 9, 2, 'sec1', 60),
(40, 1, 2, 9, 2, 'sec2', 45),
(41, 1, 2, 10, 2, 'sec2_10-14', 60),
(42, 1, 2, 11, 2, 'sec2_10-14', 60),
(43, 1, 2, 12, 2, 'sec2_10-14', 60),
(44, 1, 2, 13, 2, 'sec2_10-14', 60),
(45, 1, 2, 14, 2, 'sec2_10-14', 60),
(46, 1, 2, 15, 2, 'sec2', 60),
(47, 1, 2, 16, 2, 'sec2', 60),
(48, 1, 2, 8, 1, 'sec2', 30),
(49, 1, 2, 9, 1, 'sec2', 30),
(50, 1, 2, 10, 1, 'sec2_10-14', 30),
(51, 1, 2, 11, 1, 'sec2_10-14', 30),
(52, 1, 2, 12, 1, 'sec2_10-14', 30),
(53, 1, 2, 13, 1, 'sec2_10-14', 30),
(54, 1, 2, 14, 1, 'sec2_10-14', 30);

-- --------------------------------------------------------

--
-- Структура таблицы `users`
--

CREATE TABLE IF NOT EXISTS `users` (
  `id` int(11) NOT NULL,
  `date_create` datetime NOT NULL DEFAULT CURRENT_TIMESTAMP,
  `typ_access` smallint(2) NOT NULL DEFAULT '0' COMMENT '1-пользователь Риверсайд  2-директор 3.	Агент без привязки к директору 4.	Агент (привязан к директору)',
  `user_first_name` varchar(50) COLLATE utf8mb4_unicode_ci DEFAULT NULL,
  `user_last_name` varchar(50) COLLATE utf8mb4_unicode_ci DEFAULT NULL,
  `user_second_name` varchar(50) COLLATE utf8mb4_unicode_ci DEFAULT NULL,
  `user_email` varchar(50) COLLATE utf8mb4_unicode_ci DEFAULT NULL,
  `user_phone` varchar(30) COLLATE utf8mb4_unicode_ci DEFAULT NULL,
  `user_pass` varchar(100) COLLATE utf8mb4_unicode_ci DEFAULT NULL,
  `user_login` varchar(50) COLLATE utf8mb4_unicode_ci DEFAULT NULL,
  `user_active` tinyint(1) NOT NULL DEFAULT '1',
  `reserve` tinyint(1) NOT NULL DEFAULT '0',
  `time_reserve` tinyint(4) DEFAULT '3',
  `extend_reserve` smallint(1) NOT NULL DEFAULT '0'
) ENGINE=InnoDB AUTO_INCREMENT=82 DEFAULT CHARSET=utf8mb4 COLLATE=utf8mb4_unicode_ci;

--
-- Дамп данных таблицы `users`
--

INSERT INTO `users` (`id`, `date_create`, `typ_access`, `user_first_name`, `user_last_name`, `user_second_name`, `user_email`, `user_phone`, `user_pass`, `user_login`, `user_active`, `reserve`, `time_reserve`, `extend_reserve`) VALUES
(1, '2018-07-31 14:44:50', 1, 'Админ', 'Админ', 'Админович', 'admin@smarto.com', '', '$2y$10$bKivfVeep1JWn23nTLge3.dwLCAbJ/0vqV24oeOz5n8Jnn1pVBqCW', 'admin', 1, 1, 3, 10),
(31, '2018-07-31 14:44:50', 4, 'Test31', 'Test31', 'Test', 'vitaliyzell@gmail.com', '098000000', '$2y$10$VvwmTcljdKP.cdzf6/f53O22xGOsi4qhyOsMhEpaZSNupAU2t/JDS', NULL, 1, 1, 3, 1),
(73, '2018-07-31 14:44:50', 0, NULL, NULL, NULL, 'test@test.ua', '0980000000', '$2y$10$sEvaSaXu7yZu0IdwKRZ/I.CyuPCSQC8lAAlFK85KdZleHSHHc6T2m', NULL, 0, 0, 3, 0),
(74, '2018-07-31 14:44:50', 0, NULL, NULL, NULL, 'test@test2.ua', '0980000000', '$2y$10$TKzQN8GYJY/63nEDjiRW/e23HJ0x.kFEiw/wkj2MlGYpqfOo5bpkW', NULL, 0, 0, 3, 0),
(75, '2018-07-31 14:44:50', 0, NULL, NULL, NULL, 'rrbm@bigmir.net', '0980000000', '$2y$10$EqRwN/FgRAtS/H0mQ7wx2eNkPkgRNk6YiEOHEh5E1qGJ/gT.bPwia', NULL, 0, 0, 3, 0),
(76, '2018-07-31 14:44:50', 0, NULL, NULL, NULL, 'rrbm@bigmir.net1', '0980000000', '$2y$10$/99u2XKLcc/tSfLqFWmMau6GDeZe8Zz1hT4fjJDvtUz4cD6ESTHSO', NULL, 0, 0, 3, 0),
(77, '2018-07-31 14:44:50', 0, NULL, NULL, NULL, 'rrbm@bigmir.net11', '0980000000', '$2y$10$ME1qyUKB5r77EacNvQ5Sdut.PLwZz8fnbgjf3obhM6wrjvR.9obsy', NULL, 0, 0, 3, 0),
(78, '2018-07-31 14:44:50', 0, NULL, NULL, NULL, 'rrbm@bigmir.net111', '0980000000', '$2y$10$Hx/HOu6S78li4aUB11sgMO51Jm1C5WU9Ur.sChlv3DxSdOey4deRa', NULL, 0, 0, 3, 0),
(79, '2018-07-31 14:44:50', 0, NULL, NULL, NULL, 'test6@online.ua', '0699912490', '$2y$10$dmV2HsTm99ZsDwSaoRfwNupTyFG8Xqcax1jRYbYRIRFokKkZXbgHO', NULL, 0, 0, 3, 0),
(80, '2018-07-31 14:51:32', 0, NULL, NULL, NULL, 'test@test5.ua', '0980000000', '$2y$10$v9sGDLUDBOJS5MD0yc2H4.GKi.UMti7qPUeKRQDiiu.vVLJGiKx4C', NULL, 1, 0, 3, 0),
(81, '2018-08-01 11:48:45', 0, NULL, NULL, NULL, 'test@online.com', '0980000000', '$2y$10$gTPk.AEfnqBq0I6A4z301eA0ygUMq.fZw3jg8R1oi6Xz0pjyhi7iW', NULL, 1, 0, 3, 0);

-- --------------------------------------------------------

--
-- Структура таблицы `user_settings`
--

CREATE TABLE IF NOT EXISTS `user_settings` (
  `id` int(11) NOT NULL,
  `user_id` int(11) NOT NULL,
  `houses_id` int(11) NOT NULL,
  `settings` text COLLATE utf8mb4_unicode_ci NOT NULL
) ENGINE=InnoDB AUTO_INCREMENT=4 DEFAULT CHARSET=utf8mb4 COLLATE=utf8mb4_unicode_ci;

--
-- Дамп данных таблицы `user_settings`
--

INSERT INTO `user_settings` (`id`, `user_id`, `houses_id`, `settings`) VALUES
(1, 1, 1, '["property_5","property_11","property_13","property_14","property_15","property_18"]'),
(2, 29, 1, '["property_11","property_15","property_18"]'),
(3, 7, 1, '["property_18","price"]');

--
-- Индексы сохранённых таблиц
--

--
-- Индексы таблицы `apartments`
--
ALTER TABLE `apartments`
  ADD PRIMARY KEY (`id`),
  ADD KEY `visible_project_id_buld` (`visible`,`project_id`,`build`),
  ADD KEY `visible` (`visible`);

--
-- Индексы таблицы `apartments_level`
--
ALTER TABLE `apartments_level`
  ADD PRIMARY KEY (`id`);

--
-- Индексы таблицы `apartments_reserve`
--
ALTER TABLE `apartments_reserve`
  ADD PRIMARY KEY (`id`);

--
-- Индексы таблицы `change_authorization`
--
ALTER TABLE `change_authorization`
  ADD PRIMARY KEY (`id`);

--
-- Индексы таблицы `development`
--
ALTER TABLE `development`
  ADD PRIMARY KEY (`id`);

--
-- Индексы таблицы `forgot_password`
--
ALTER TABLE `forgot_password`
  ADD PRIMARY KEY (`id`);

--
-- Индексы таблицы `houses`
--
ALTER TABLE `houses`
  ADD PRIMARY KEY (`id`);

--
-- Индексы таблицы `payments`
--
ALTER TABLE `payments`
  ADD PRIMARY KEY (`id`);

--
-- Индексы таблицы `projects`
--
ALTER TABLE `projects`
  ADD PRIMARY KEY (`project_id`);

--
-- Индексы таблицы `properties_flats`
--
ALTER TABLE `properties_flats`
  ADD PRIMARY KEY (`id`),
  ADD KEY `property_id` (`property_id`),
  ADD KEY `flat_id` (`flat_id`);

--
-- Индексы таблицы `properties_name`
--
ALTER TABLE `properties_name`
  ADD PRIMARY KEY (`id`);

--
-- Индексы таблицы `section`
--
ALTER TABLE `section`
  ADD PRIMARY KEY (`id`);

--
-- Индексы таблицы `users`
--
ALTER TABLE `users`
  ADD PRIMARY KEY (`id`);

--
-- Индексы таблицы `user_settings`
--
ALTER TABLE `user_settings`
  ADD PRIMARY KEY (`id`);

--
-- AUTO_INCREMENT для сохранённых таблиц
--

--
-- AUTO_INCREMENT для таблицы `apartments`
--
ALTER TABLE `apartments`
  MODIFY `id` int(11) NOT NULL AUTO_INCREMENT,AUTO_INCREMENT=299;
--
-- AUTO_INCREMENT для таблицы `apartments_level`
--
ALTER TABLE `apartments_level`
  MODIFY `id` int(11) NOT NULL AUTO_INCREMENT,AUTO_INCREMENT=84;
--
-- AUTO_INCREMENT для таблицы `apartments_reserve`
--
ALTER TABLE `apartments_reserve`
  MODIFY `id` int(11) NOT NULL AUTO_INCREMENT,AUTO_INCREMENT=77;
--
-- AUTO_INCREMENT для таблицы `change_authorization`
--
ALTER TABLE `change_authorization`
  MODIFY `id` int(11) NOT NULL AUTO_INCREMENT,AUTO_INCREMENT=306;
--
-- AUTO_INCREMENT для таблицы `development`
--
ALTER TABLE `development`
  MODIFY `id` int(11) NOT NULL AUTO_INCREMENT,AUTO_INCREMENT=3;
--
-- AUTO_INCREMENT для таблицы `forgot_password`
--
ALTER TABLE `forgot_password`
  MODIFY `id` int(11) NOT NULL AUTO_INCREMENT,AUTO_INCREMENT=114;
--
-- AUTO_INCREMENT для таблицы `houses`
--
ALTER TABLE `houses`
  MODIFY `id` int(11) NOT NULL AUTO_INCREMENT,AUTO_INCREMENT=3;
--
-- AUTO_INCREMENT для таблицы `payments`
--
ALTER TABLE `payments`
  MODIFY `id` int(11) NOT NULL AUTO_INCREMENT,AUTO_INCREMENT=26;
--
-- AUTO_INCREMENT для таблицы `projects`
--
ALTER TABLE `projects`
  MODIFY `project_id` int(3) NOT NULL AUTO_INCREMENT,AUTO_INCREMENT=8;
--
-- AUTO_INCREMENT для таблицы `properties_flats`
--
ALTER TABLE `properties_flats`
  MODIFY `id` int(11) NOT NULL AUTO_INCREMENT,AUTO_INCREMENT=2552;
--
-- AUTO_INCREMENT для таблицы `properties_name`
--
ALTER TABLE `properties_name`
  MODIFY `id` int(11) NOT NULL AUTO_INCREMENT,AUTO_INCREMENT=19;
--
-- AUTO_INCREMENT для таблицы `section`
--
ALTER TABLE `section`
  MODIFY `id` int(11) NOT NULL AUTO_INCREMENT,AUTO_INCREMENT=55;
--
-- AUTO_INCREMENT для таблицы `users`
--
ALTER TABLE `users`
  MODIFY `id` int(11) NOT NULL AUTO_INCREMENT,AUTO_INCREMENT=82;
--
-- AUTO_INCREMENT для таблицы `user_settings`
--
ALTER TABLE `user_settings`
  MODIFY `id` int(11) NOT NULL AUTO_INCREMENT,AUTO_INCREMENT=4;
/*!40101 SET CHARACTER_SET_CLIENT=@OLD_CHARACTER_SET_CLIENT */;
/*!40101 SET CHARACTER_SET_RESULTS=@OLD_CHARACTER_SET_RESULTS */;
/*!40101 SET COLLATION_CONNECTION=@OLD_COLLATION_CONNECTION */;
